isin,candidate,cpr_model,cdr_model,recovery,call,n_params,h,n_obs,E_fac,E_prin,E_cum,E_wal,E_dm,U,CRPS,COV,BIAS,STAB,S,win_share
ES0345672010,cpr_last|cdr_zero|rec_none|call_never,cpr_last,cdr_zero,rec_none,call_never,1,1,2,18.39427267,0.68469678,0.68469678,,,1.0,0.00459313,1.0,0.68469678,0.01626158,-0.20734963,1.0
ES0345672010,cpr_last|cdr_zero|rec_none|call_never,cpr_last,cdr_zero,rec_none,call_never,1,4,2,50.84096893,1.3522381,0.40835635,0.00999776,1.58815086,1.0,0.02338903,1.0,1.3522381,0.01626158,-0.20734963,1.0
ES0345672010,cpr_last|cdr_zero|rec_none|call_never,cpr_last,cdr_zero,rec_none,call_never,1,8,6,238.63446154,0.06934995,0.35917192,,,1.0,0.09338509,0.0,0.06934995,0.01626158,-0.20734963,1.0
ES0345672010,cpr_last|cdr_zero|rec_none|call_never,cpr_last,cdr_zero,rec_none,call_never,1,12,6,175.25342901,1.52361574,0.22214819,,,1.0,0.07486596,0.0,1.52361574,0.01626158,-0.20734963,1.0
ES0345672010,cpr_ramp|cdr_zero|rec_none|call_never,cpr_ramp,cdr_zero,rec_none,call_never,3,1,2,24.02147461,0.89416018,0.89416018,,,1.30592142,0.00682514,0.5,0.89416018,0.02957957,0.26955139,0.0
ES0345672010,cpr_ramp|cdr_zero|rec_none|call_never,cpr_ramp,cdr_zero,rec_none,call_never,3,4,2,103.53028227,2.4792865,0.83155867,0.01642004,2.62407959,2.03635541,0.05087126,0.0,2.4792865,0.02957957,0.26955139,0.0
ES0345672010,cpr_ramp|cdr_zero|rec_none|call_never,cpr_ramp,cdr_zero,rec_none,call_never,3,8,6,96.07766752,0.47736323,0.14460778,,,0.40261439,0.04082512,0.0,0.47736323,0.02957957,0.26955139,0.0
ES0345672010,cpr_ramp|cdr_zero|rec_none|call_never,cpr_ramp,cdr_zero,rec_none,call_never,3,12,6,32.92769804,2.35549295,0.04173858,,,0.18788618,0.00190861,0.0,2.35549295,0.02957957,0.26955139,0.0
ES0345672010,cpr_ma3|cdr_zero|rec_none|call_never,cpr_ma3,cdr_zero,rec_none,call_never,1,1,2,28.49150433,1.06054974,1.06054974,,,1.54893346,0.00661938,0.5,1.06054974,0.00206394,0.3769168,0.0
ES0345672010,cpr_ma3|cdr_zero|rec_none|call_never,cpr_ma3,cdr_zero,rec_none,call_never,1,4,2,88.43284099,1.83537751,0.71029552,0.01689805,2.7025938,1.73940117,0.02819071,0.0,1.83537751,0.00206394,0.3769168,0.0
ES0345672010,cpr_ma3|cdr_zero|rec_none|call_never,cpr_ma3,cdr_zero,rec_none,call_never,1,8,6,135.91827699,0.30092368,0.20457242,,,0.56956684,0.06726507,0.0,0.30092368,0.00206394,0.3769168,0.0
ES0345672010,cpr_ma3|cdr_zero|rec_none|call_never,cpr_ma3,cdr_zero,rec_none,call_never,1,12,6,34.96107512,2.00275606,0.04431605,,,0.19948868,0.03865298,0.0,2.00275606,0.00206394,0.3769168,0.0
ES0345672010,cpr_pooled|cdr_zero|rec_none|call_never,cpr_pooled,cdr_zero,rec_none,call_never,1,1,2,38.72173898,1.44135353,1.44135353,,,2.10510138,0.01100704,0.0,1.44135353,0.01748762,1.17951838,0.0
ES0345672010,cpr_pooled|cdr_zero|rec_none|call_never,cpr_pooled,cdr_zero,rec_none,call_never,1,4,2,125.96366339,2.309876,1.01174433,0.02384395,3.84064019,2.47760715,0.04706469,0.0,2.309876,0.01748762,1.17951838,0.0
ES0345672010,cpr_pooled|cdr_zero|rec_none|call_never,cpr_pooled,cdr_zero,rec_none,call_never,1,8,6,68.51276868,0.44677403,0.10311949,,,0.28711269,0.05100738,0.0,0.44677403,0.01748762,1.17951838,0.0
ES0345672010,cpr_pooled|cdr_zero|rec_none|call_never,cpr_pooled,cdr_zero,rec_none,call_never,1,12,6,55.39703268,2.28931481,0.07022031,,,0.31612435,0.01647826,0.0,2.28931481,0.01748762,1.17951838,0.0
ES0345672010,cpr_ar1|cdr_zero|rec_none|call_never,cpr_ar1,cdr_zero,rec_none,call_never,2,1,2,39.0320007,1.45290251,1.45290251,,,2.12196489,0.01402402,0.0,1.45290251,0.00491335,1.19232273,0.0
ES0345672010,cpr_ar1|cdr_zero|rec_none|call_never,cpr_ar1,cdr_zero,rec_none,call_never,2,4,2,118.77462616,2.18558915,0.95400174,0.02298702,3.69951129,2.33619911,0.08284547,0.0,2.18558915,0.00491335,1.19232273,0.0
ES0345672010,cpr_ar1|cdr_zero|rec_none|call_never,cpr_ar1,cdr_zero,rec_none,call_never,2,8,6,68.53689664,0.40374201,0.1031558,,,0.28720452,0.01951011,0.0,0.40374201,0.00491335,1.19232273,0.0
ES0345672010,cpr_ar1|cdr_zero|rec_none|call_never,cpr_ar1,cdr_zero,rec_none,call_never,2,12,6,50.65864724,2.22305938,0.06421402,,,0.28905938,0.01454502,0.0,2.22305938,0.00491335,1.19232273,0.0
ES0345672010,cpr_ma12|cdr_zero|rec_none|call_never,cpr_ma12,cdr_zero,rec_none,call_never,1,1,2,41.1833309,1.53298227,1.53298227,,,2.23892141,0.01132226,0.0,1.53298227,0.02957957,1.39153352,0.0
ES0345672010,cpr_ma12|cdr_zero|rec_none|call_never,cpr_ma12,cdr_zero,rec_none,call_never,1,4,2,134.91137171,2.42182095,1.08361262,0.02550849,4.11584973,2.6535956,0.04838443,0.0,2.42182095,0.02957957,1.39153352,0.0
ES0345672010,cpr_ma12|cdr_zero|rec_none|call_never,cpr_ma12,cdr_zero,rec_none,call_never,1,8,6,64.10951795,0.45612829,0.09649209,,,0.26865155,0.05218784,0.0,0.45612829,0.02957957,1.39153352,0.0
ES0345672010,cpr_ma12|cdr_zero|rec_none|call_never,cpr_ma12,cdr_zero,rec_none,call_never,1,12,6,61.25205577,2.30726263,0.07764204,,,0.34950561,0.01807344,0.0,2.30726263,0.02957957,1.39153352,0.0
ES0345672010,cpr_ma6|cdr_zero|rec_none|call_never,cpr_ma6,cdr_zero,rec_none,call_never,1,1,2,41.8047586,1.5561139,1.5561139,,,2.27270517,0.01148804,0.0,1.5561139,0.04432299,1.50131758,0.0
ES0345672010,cpr_ma6|cdr_zero|rec_none|call_never,cpr_ma6,cdr_zero,rec_none,call_never,1,4,2,137.16514784,2.44994551,1.10171502,0.02592829,4.18534875,2.69792553,0.0492998,0.0,2.44994551,0.04432299,1.50131758,0.0
ES0345672010,cpr_ma6|cdr_zero|rec_none|call_never,cpr_ma6,cdr_zero,rec_none,call_never,1,8,6,77.53201012,0.42754698,0.11669447,,,0.32489863,0.05539871,0.0,0.42754698,0.04432299,1.50131758,0.0
ES0345672010,cpr_ma6|cdr_zero|rec_none|call_never,cpr_ma6,cdr_zero,rec_none,call_never,1,12,6,43.38592094,2.25225808,0.05499524,,,0.24756104,0.02238202,0.0,2.25225808,0.04432299,1.50131758,0.0
ES0345672010,cpr_season|cdr_zero|rec_none|call_never,cpr_season,cdr_zero,rec_none,call_never,3,1,2,42.67589684,1.5885406,1.5885406,,,2.32006449,0.0122267,0.0,1.5885406,0.04969075,1.6906761,0.0
ES0345672010,cpr_season|cdr_zero|rec_none|call_never,cpr_season,cdr_zero,rec_none,call_never,3,4,2,142.48592164,2.5461969,1.14445166,0.02669804,4.3130368,2.80258113,0.08658455,0.0,2.5461969,0.04969075,1.6906761,0.0
ES0345672010,cpr_season|cdr_zero|rec_none|call_never,cpr_season,cdr_zero,rec_none,call_never,3,8,6,67.55435158,0.49369663,0.10167696,,,0.28319085,0.01941921,0.0,0.49369663,0.04969075,1.6906761,0.0
ES0345672010,cpr_season|cdr_zero|rec_none|call_never,cpr_season,cdr_zero,rec_none,call_never,3,12,6,67.71934357,2.46331556,0.08583986,,,0.38677582,0.02072279,0.0,2.46331556,0.04969075,1.6906761,0.0
ES0345672010,cpr_ewma|cdr_zero|rec_none|call_never,cpr_ewma,cdr_zero,rec_none,call_never,2,1,2,46.15614397,1.71808712,1.71808712,,,2.50926714,0.01363567,0.0,1.71808712,0.14421683,2.25551312,0.0
ES0345672010,cpr_ewma|cdr_zero|rec_none|call_never,cpr_ewma,cdr_zero,rec_none,call_never,2,4,2,152.88955966,2.64535235,1.22801402,0.02886312,4.67348099,3.00721176,0.06291691,0.0,2.64535235,0.14421683,2.25551312,0.0
ES0345672010,cpr_ewma|cdr_zero|rec_none|call_never,cpr_ewma,cdr_zero,rec_none,call_never,2,8,6,155.93830672,0.2566587,0.23470483,,,0.65346097,0.07852372,0.0,0.2566587,0.14421683,2.25551312,0.0
ES0345672010,cpr_ewma|cdr_zero|rec_none|call_never,cpr_ewma,cdr_zero,rec_none,call_never,2,12,6,62.06020774,1.9133816,0.07866644,,,0.35411694,0.05320444,0.0,1.9133816,0.14421683,2.25551312,0.0
