url,status,bytes,sha256,event
https://assets.santandermedia.com/adobe/assets/urn:aaid:aem:083eedc2-d520-455c-bcfb-905cf2ed6319/original/as/ES-U.C.I._15_Marzo22-Información_Periódica-UCI_15.pdf,SOURCE_UNAVAILABLE,0,,offline
https://assets.santandermedia.com/adobe/assets/urn:aaid:aem:0e0ede6a-015d-4587-a899-a23955eac633/original/as/ES-U.C.I._15_Marzo09-Información_Periódica-UCI_15.pdf,SOURCE_UNAVAILABLE,0,,offline
https://assets.santandermedia.com/adobe/assets/urn:aaid:aem:0fda86b4-facb-4c2a-82a2-cf36c3d69937/original/as/ES-U.C.I._15_Junio07-Información_Periódica-UCI_15.pdf,SOURCE_UNAVAILABLE,0,,offline
https://assets.santandermedia.com/adobe/assets/urn:aaid:aem:101d538f-6d99-4f55-9ca2-b58d0df1e9ab/original/as/ES-U.C.I._15_Diciembre25-Información_Periódica-UCI_15.pdf,SOURCE_UNAVAILABLE,0,,offline
https://assets.santandermedia.com/adobe/assets/urn:aaid:aem:1214f830-9e02-4eaa-aa99-ccaba3e58818/original/as/ES-UCI_15_Cuentas_Anuales_2023_FTA-Informe_Anual-UCI_15.pdf,SOURCE_UNAVAILABLE,0,,offline
https://assets.santandermedia.com/adobe/assets/urn:aaid:aem:1397f1f1-e887-46b7-bcf6-8030a5f3a077/original/as/ES-U.C.I._15_Diciembre22-Información_Periódica-UCI_15.pdf,SOURCE_UNAVAILABLE,0,,offline
https://assets.santandermedia.com/adobe/assets/urn:aaid:aem:165ed1c7-4d9c-4ad7-8462-d60ab31e13a0/original/as/ES-U.C.I._15_Septiembre23-Información_Periódica-UCI_15.pdf,SOURCE_UNAVAILABLE,0,,offline
https://assets.santandermedia.com/adobe/assets/urn:aaid:aem:17e68a3b-ccae-4673-89d1-f0ae3b3e4774/original/as/ES-U.C.I._15_Junio24-Información_Periódica-UCI_15.pdf,SOURCE_UNAVAILABLE,0,,offline
https://assets.santandermedia.com/adobe/assets/urn:aaid:aem:202e663e-13cc-4182-801d-a164c409f69f/original/as/ES-U.C.I._15_Septiembre07-Información_Periódica-UCI_15.pdf,SOURCE_UNAVAILABLE,0,,offline
https://assets.santandermedia.com/adobe/assets/urn:aaid:aem:27b52084-d9d4-4d28-a461-6226604f0afe/original/as/ES-UCI_15_Cuentas_Anuales_2025_FTA-Informe_Anual-UCI_15.pdf,SOURCE_UNAVAILABLE,0,,offline
https://assets.santandermedia.com/adobe/assets/urn:aaid:aem:290bff26-d7ac-4bb1-a21b-a1b56e52dd64/original/as/ES-U.C.I._15_Junio15-Información_Periódica-UCI_15.pdf,SOURCE_UNAVAILABLE,0,,offline
https://assets.santandermedia.com/adobe/assets/urn:aaid:aem:2aed7431-d241-451b-989f-2bdabe8c3950/original/as/ES-UCI_15_Cuentas_Anuales_2022_FTA-Informe_Anual-UCI_15.pdf,SOURCE_UNAVAILABLE,0,,offline
https://assets.santandermedia.com/adobe/assets/urn:aaid:aem:2b9ed32d-5180-4494-83c2-93b70659ed00/original/as/ES-U.C.I._15_Diciembre15-Información_Periódica-UCI_15.pdf,SOURCE_UNAVAILABLE,0,,offline
https://assets.santandermedia.com/adobe/assets/urn:aaid:aem:397189e4-bf95-4d86-9a9c-5077055ea26d/original/as/ES-U.C.I._15_Septiembre18-Información_Periódica-UCI_15.pdf,SOURCE_UNAVAILABLE,0,,offline
https://assets.santandermedia.com/adobe/assets/urn:aaid:aem:3efe0e62-3d15-4afd-b1e1-5162beb23e67/original/as/ES-U.C.I._15_Septiembre22-Información_Periódica-UCI_15.pdf,SOURCE_UNAVAILABLE,0,,offline
https://assets.santandermedia.com/adobe/assets/urn:aaid:aem:41b3b492-2c59-4c90-b48a-43c97e62746a/original/as/ES-U.C.I._15_Junio21-Información_Periódica-UCI_15.pdf,SOURCE_UNAVAILABLE,0,,offline
https://assets.santandermedia.com/adobe/assets/urn:aaid:aem:4369f18c-e902-498b-bd60-23c5f7b98c2f/original/as/ES-U.C.I._15_Marzo25-Información_Periódica-UCI_15.pdf,SOURCE_UNAVAILABLE,0,,offline
https://assets.santandermedia.com/adobe/assets/urn:aaid:aem:4429a602-b573-4b41-b741-1331ff96985e/original/as/ES-U.C.I._15_Marzo12-Información_Periódica-UCI_15.pdf,SOURCE_UNAVAILABLE,0,,offline
https://assets.santandermedia.com/adobe/assets/urn:aaid:aem:455011b3-d1d2-47b7-aaaa-2b73789c3ec2/original/as/ES-U.C.I._15_Diciembre21-Información_Periódica-UCI_15.pdf,SOURCE_UNAVAILABLE,0,,offline
https://assets.santandermedia.com/adobe/assets/urn:aaid:aem:45ceceaa-9d51-42b5-ba1d-e3bb22ef2e34/original/as/ES-U.C.I._15_Diciembre12-Información_Periódica-UCI_15.pdf,SOURCE_UNAVAILABLE,0,,offline
https://assets.santandermedia.com/adobe/assets/urn:aaid:aem:466f1b36-7f59-4c13-92ba-b96841e62ec6/original/as/ES-U.C.I._15_Diciembre23-Información_Periódica-UCI_15.pdf,SOURCE_UNAVAILABLE,0,,offline
https://assets.santandermedia.com/adobe/assets/urn:aaid:aem:46964b19-c968-47b7-ba75-376a31d0b1f2/original/as/ES-U.C.I._15_Marzo16-Información_Periódica-UCI_15.pdf,SOURCE_UNAVAILABLE,0,,offline
https://assets.santandermedia.com/adobe/assets/urn:aaid:aem:4e29d097-3412-46d3-8753-eb895253e035/original/as/ES-U.C.I._15_Junio17-Información_Periódica-UCI_15.pdf,SOURCE_UNAVAILABLE,0,,offline
https://assets.santandermedia.com/adobe/assets/urn:aaid:aem:4e32543f-19d1-4ac9-ac3b-7e83507ab9b5/original/as/ES-U.C.I._15_Septiembre19-Información_Periódica-UCI_15.pdf,SOURCE_UNAVAILABLE,0,,offline
https://assets.santandermedia.com/adobe/assets/urn:aaid:aem:4ea714da-be50-4aa4-b86c-5c0ea2563ca6/original/as/ES-U.C.I._15_Junio11-Información_Periódica-UCI_15.pdf,SOURCE_UNAVAILABLE,0,,offline
https://assets.santandermedia.com/adobe/assets/urn:aaid:aem:51f2945f-4fa2-4b4e-9757-af0f49e01ebf/original/as/ES-U.C.I._15_Junio26-Informacion_Periodica-UCI_15.pdf,SOURCE_UNAVAILABLE,0,,offline
https://assets.santandermedia.com/adobe/assets/urn:aaid:aem:530bb73a-5f78-44d7-a997-6f52590b41c5/original/as/ES-U.C.I._15_Marzo07-Información_Periódica-UCI_15.pdf,SOURCE_UNAVAILABLE,0,,offline
https://assets.santandermedia.com/adobe/assets/urn:aaid:aem:53900d9b-7259-41b8-835f-1476f7eedbae/original/as/ES-U.C.I._15_Marzo11-Información_Periódica-UCI_15.pdf,SOURCE_UNAVAILABLE,0,,offline
https://assets.santandermedia.com/adobe/assets/urn:aaid:aem:549c8fe8-5865-4f43-89bf-2708295b4080/original/as/ES-U.C.I._15_Diciembre13-Información_Periódica-UCI_15.pdf,SOURCE_UNAVAILABLE,0,,offline
https://assets.santandermedia.com/adobe/assets/urn:aaid:aem:55e815f8-49ce-4e6e-a09a-2f5335916c9a/original/as/ES-U.C.I._15_Marzo18-Información_Periódica-UCI_15.pdf,SOURCE_UNAVAILABLE,0,,offline
https://assets.santandermedia.com/adobe/assets/urn:aaid:aem:5654f363-cc34-4260-92cc-88cb02900ab9/original/as/ES-U.C.I._15_Junio12-Información_Periódica-UCI_15.pdf,SOURCE_UNAVAILABLE,0,,offline
https://assets.santandermedia.com/adobe/assets/urn:aaid:aem:5863d6f2-296b-4f35-b7d9-714ad1d1ca17/original/as/ES-U.C.I._15_Septiembre12-Información_Periódica-UCI_15.pdf,SOURCE_UNAVAILABLE,0,,offline
https://assets.santandermedia.com/adobe/assets/urn:aaid:aem:5a3151f0-f531-43f7-ab2f-84a302f25fbc/original/as/ES-U.C.I._15_Diciembre11-Información_Periódica-UCI_15.pdf,SOURCE_UNAVAILABLE,0,,offline
https://assets.santandermedia.com/adobe/assets/urn:aaid:aem:6541db90-b41d-4091-be21-7efbc4964fbb/original/as/ES-U.C.I._15_Septiembre09-Información_Periódica-UCI_15.pdf,SOURCE_UNAVAILABLE,0,,offline
https://assets.santandermedia.com/adobe/assets/urn:aaid:aem:6603ec33-9f67-4122-8607-967b92db6ed2/original/as/ES-U.C.I._15_Marzo08-Información_Periódica-UCI_15.pdf,SOURCE_UNAVAILABLE,0,,offline
https://assets.santandermedia.com/adobe/assets/urn:aaid:aem:6cf79a51-1822-4af5-81b5-110fc7db6094/original/as/ES-U.C.I._15_June07-Archive_Quarterly_Reports-UCI_15-EN.pdf,SOURCE_UNAVAILABLE,0,,offline
https://assets.santandermedia.com/adobe/assets/urn:aaid:aem:70356faa-26b2-4aee-81dd-a3e883d2f192/original/as/ES-U.C.I._15_Diciembre19-Información_Periódica-UCI_15.pdf,SOURCE_UNAVAILABLE,0,,offline
https://assets.santandermedia.com/adobe/assets/urn:aaid:aem:7126af42-01bf-457d-bed0-a4dce437178b/original/as/ES-U.C.I._15_Diciembre14-Información_Periódica-UCI_15.pdf,SOURCE_UNAVAILABLE,0,,offline
https://assets.santandermedia.com/adobe/assets/urn:aaid:aem:72bc9531-6fb5-4bb8-b7ad-97ab7915461a/original/as/ES-U.C.I._15_Junio20-Información_Periódica-UCI_15.pdf,SOURCE_UNAVAILABLE,0,,offline
https://assets.santandermedia.com/adobe/assets/urn:aaid:aem:7a3baf59-3c56-4307-9a7b-68707f07c04e/original/as/ES-U.C.I._15_Diciembre07-Información_Periódica-UCI_15.pdf,SOURCE_UNAVAILABLE,0,,offline
https://assets.santandermedia.com/adobe/assets/urn:aaid:aem:7a958862-b19e-4e59-8d1a-1254d605a458/original/as/ES-U.C.I._15_Junio09-Información_Periódica-UCI_15.pdf,SOURCE_UNAVAILABLE,0,,offline
https://assets.santandermedia.com/adobe/assets/urn:aaid:aem:8095135c-ac2b-4f87-bd20-a3e8d58062e1/original/as/ES-U.C.I._15_Septiembre21-Información_Periódica-UCI_15.pdf,SOURCE_UNAVAILABLE,0,,offline
https://assets.santandermedia.com/adobe/assets/urn:aaid:aem:861a34e0-1418-454f-af86-dda647af9aff/original/as/ES-U.C.I._15_Septiembre20-Información_Periódica-UCI_15.pdf,SOURCE_UNAVAILABLE,0,,offline
https://assets.santandermedia.com/adobe/assets/urn:aaid:aem:8a46b67b-662f-4d5c-bc53-dd73fe221ecb/original/as/ES-U.C.I._15_Diciembre24-Información_Periódica-UCI_15.pdf,SOURCE_UNAVAILABLE,0,,offline
https://assets.santandermedia.com/adobe/assets/urn:aaid:aem:8ae9092a-e926-47f3-ab4f-56b846672254/original/as/ES-U.C.I._15_Junio23-Información_Periódica-UCI_15.pdf,SOURCE_UNAVAILABLE,0,,offline
https://assets.santandermedia.com/adobe/assets/urn:aaid:aem:8b505d50-35ad-4528-a395-942168a6bcca/original/as/ES-U.C.I._15_Septiembre17-Información_Periódica-UCI_15.pdf,SOURCE_UNAVAILABLE,0,,offline
https://assets.santandermedia.com/adobe/assets/urn:aaid:aem:8c062883-cdc9-4522-8a55-1cbe7566281d/original/as/ES-U.C.I._15_Marzo23-Información_Periódica-UCI_15.pdf,SOURCE_UNAVAILABLE,0,,offline
https://assets.santandermedia.com/adobe/assets/urn:aaid:aem:968320d5-4d1b-4a16-b525-79487c78a4b8/original/as/ES-U.C.I._15_Septiembre14-Información_Periódica-UCI_15.pdf,SOURCE_UNAVAILABLE,0,,offline
https://assets.santandermedia.com/adobe/assets/urn:aaid:aem:972a488e-d89b-4df9-8592-681e66221b0a/original/as/ES-U.C.I._15_Diciembre17-Información_Periódica-UCI_15.pdf,SOURCE_UNAVAILABLE,0,,offline
https://assets.santandermedia.com/adobe/assets/urn:aaid:aem:98fb3d12-3d53-4eb0-8039-bc31e611c343/original/as/ES-U.C.I._15_Marzo21-Información_Periódica-UCI_15.pdf,SOURCE_UNAVAILABLE,0,,offline
https://assets.santandermedia.com/adobe/assets/urn:aaid:aem:9c4a3c61-1c3d-4c6d-a61a-6788f2b975d4/original/as/ES-U.C.I._15_Diciembre08-Información_Periódica-UCI_15.pdf,SOURCE_UNAVAILABLE,0,,offline
https://assets.santandermedia.com/adobe/assets/urn:aaid:aem:9c83a015-a4e9-4490-81d8-4dd49112b21f/original/as/ES-U.C.I._15_Diciembre09-Información_Periódica-UCI_15.pdf,SOURCE_UNAVAILABLE,0,,offline
https://assets.santandermedia.com/adobe/assets/urn:aaid:aem:a13325f3-88b7-40cb-b04f-d7f6bda11cf6/original/as/ES-U.C.I._15_Marzo20-Información_Periódica-UCI_15.pdf,SOURCE_UNAVAILABLE,0,,offline
https://assets.santandermedia.com/adobe/assets/urn:aaid:aem:a1a2e09f-e0c6-4095-9897-f56cbabd2c40/original/as/ES-U.C.I._15_Septiembre25-Información_Periódica-UCI_15.pdf,SOURCE_UNAVAILABLE,0,,offline
https://assets.santandermedia.com/adobe/assets/urn:aaid:aem:a84bff82-bc53-4e65-a3a4-26136ca1a9c4/original/as/ES-U.C.I._15_Junio18-Información_Periódica-UCI_15.pdf,SOURCE_UNAVAILABLE,0,,offline
https://assets.santandermedia.com/adobe/assets/urn:aaid:aem:a84e9de7-328e-466d-8d3b-df7a41bd9d32/original/as/ES-U.C.I._15_Junio19-Información_Periódica-UCI_15.pdf,SOURCE_UNAVAILABLE,0,,offline
https://assets.santandermedia.com/adobe/assets/urn:aaid:aem:ab38b16f-43ba-4e93-8131-2d12980a28a0/original/as/ES-U.C.I._15_Junio25-Información_Periódica-UCI_15.pdf,SOURCE_UNAVAILABLE,0,,offline
https://assets.santandermedia.com/adobe/assets/urn:aaid:aem:b2b7bd47-47ca-44f5-942e-bebac69ea336/original/as/ES-U.C.I._15_Marzo10-Información_Periódica-UCI_15.pdf,SOURCE_UNAVAILABLE,0,,offline
https://assets.santandermedia.com/adobe/assets/urn:aaid:aem:b6ebdc9e-082c-486a-bb97-10219435c5fc/original/as/ES-U.C.I._15_Marzo13-Información_Periódica-UCI_15.pdf,SOURCE_UNAVAILABLE,0,,offline
https://assets.santandermedia.com/adobe/assets/urn:aaid:aem:b8aa8625-a699-4afd-9d60-570370ab058f/original/as/ES-U.C.I._15_Septiembre16-Información_Periódica-UCI_15.pdf,SOURCE_UNAVAILABLE,0,,offline
https://assets.santandermedia.com/adobe/assets/urn:aaid:aem:bd2dd06c-ec43-4d2d-a440-dd658ea120c5/original/as/ES-U.C.I._15_Marzo14-Información_Periódica-UCI_15.pdf,SOURCE_UNAVAILABLE,0,,offline
https://assets.santandermedia.com/adobe/assets/urn:aaid:aem:c1cc4692-a324-4cd3-80d5-fa3e85af8e31/original/as/ES-U.C.I._15_Diciembre18-Información_Periódica-UCI_15.pdf,SOURCE_UNAVAILABLE,0,,offline
https://assets.santandermedia.com/adobe/assets/urn:aaid:aem:c6acd698-619c-4a2b-994a-1a6363cc5f2c/original/as/ES-U.C.I._15_Marzo15-Información_Periódica-UCI_15.pdf,SOURCE_UNAVAILABLE,0,,offline
https://assets.santandermedia.com/adobe/assets/urn:aaid:aem:c6f6c055-1db1-4f5a-9db3-f88864c92ab9/original/as/ES-U.C.I._15_Diciembre16-Información_Periódica-UCI_15.pdf,SOURCE_UNAVAILABLE,0,,offline
https://assets.santandermedia.com/adobe/assets/urn:aaid:aem:c8d5cd2e-ee41-4825-92c9-9a0d7fbdf20e/original/as/ES-UCI_15_Cuentas_Anuales_2024_FTA-Informe_Anual-UCI_15.pdf,SOURCE_UNAVAILABLE,0,,offline
https://assets.santandermedia.com/adobe/assets/urn:aaid:aem:cd3fdf94-1c3d-48e8-8c5b-28b8e61804c6/original/as/ES-U.C.I._15_Septiembre08-Información_Periódica-UCI_15.pdf,SOURCE_UNAVAILABLE,0,,offline
https://assets.santandermedia.com/adobe/assets/urn:aaid:aem:cd7922f8-473a-4276-a0cc-6549a29fef33/original/as/ES-U.C.I._15_Marzo24-Información_Periódica-UCI_15.pdf,SOURCE_UNAVAILABLE,0,,offline
https://assets.santandermedia.com/adobe/assets/urn:aaid:aem:cf8b7536-f3c1-480a-a819-9bf2ea387a41/original/as/ES-U.C.I._15_Marzo17-Información_Periódica-UCI_15.pdf,SOURCE_UNAVAILABLE,0,,offline
https://assets.santandermedia.com/adobe/assets/urn:aaid:aem:d6fe24eb-8f26-4ec6-a513-af121136b2ab/original/as/ES-U.C.I._15_Junio08-Información_Periódica-UCI_15.pdf,SOURCE_UNAVAILABLE,0,,offline
https://assets.santandermedia.com/adobe/assets/urn:aaid:aem:d7c5a4bd-b696-4622-ac55-76dbbe2e3ea7/original/as/ES-U.C.I._15_Junio22-Información_Periódica-UCI_15.pdf,SOURCE_UNAVAILABLE,0,,offline
https://assets.santandermedia.com/adobe/assets/urn:aaid:aem:dae65c78-4f7d-472a-8d68-d2a90e03861c/original/as/ES-U.C.I._15_Junio14-Información_Periódica-UCI_15.pdf,SOURCE_UNAVAILABLE,0,,offline
https://assets.santandermedia.com/adobe/assets/urn:aaid:aem:db09205f-7614-43cd-94e1-ffbc32292a9b/original/as/ES-U.C.I._15_Marzo26-Informacion_Periodica-UCI_15.pdf,SOURCE_UNAVAILABLE,0,,offline
https://assets.santandermedia.com/adobe/assets/urn:aaid:aem:dfa8128f-7266-4016-ac17-467be08ce6ff/original/as/ES-U.C.I._15_Junio10-Información_Periódica-UCI_15.pdf,SOURCE_UNAVAILABLE,0,,offline
https://assets.santandermedia.com/adobe/assets/urn:aaid:aem:e1ee8433-412f-47d4-8e20-8a3a06cbc08a/original/as/ES-U.C.I._15_Septiembre13-Información_Periódica-UCI_15.pdf,SOURCE_UNAVAILABLE,0,,offline
https://assets.santandermedia.com/adobe/assets/urn:aaid:aem:e2e1c11e-0039-4731-a68b-6969b0169c6b/original/as/ES-U.C.I._15_Septiembre10-Información_Periódica-UCI_15.pdf,SOURCE_UNAVAILABLE,0,,offline
https://assets.santandermedia.com/adobe/assets/urn:aaid:aem:e39550cf-05da-43a4-9776-3d27f8fdc843/original/as/ES-U.C.I._15_Junio16-Información_Periódica-UCI_15.pdf,SOURCE_UNAVAILABLE,0,,offline
https://assets.santandermedia.com/adobe/assets/urn:aaid:aem:e4bff05a-6477-47bf-a6ca-0037ed27013b/original/as/ES-U.C.I._15_Marzo19-Información_Periódica-UCI_15.pdf,SOURCE_UNAVAILABLE,0,,offline
https://assets.santandermedia.com/adobe/assets/urn:aaid:aem:e6f2a37c-a5d8-4161-b07e-cb77ddabcbb9/original/as/ES-U.C.I._15_Diciembre20-Información_Periódica-UCI_15.pdf,SOURCE_UNAVAILABLE,0,,offline
https://assets.santandermedia.com/adobe/assets/urn:aaid:aem:ebf9ec30-f9d3-49f2-a4f4-3b039e4e978a/original/as/ES-U.C.I._15_Septiembre11-Información_Periódica-UCI_15.pdf,SOURCE_UNAVAILABLE,0,,offline
https://assets.santandermedia.com/adobe/assets/urn:aaid:aem:eda4e5f0-0a10-4227-b8e1-032754d6fa5e/original/as/ES-U.C.I._15_Septiembre15-Información_Periódica-UCI_15.pdf,SOURCE_UNAVAILABLE,0,,offline
https://assets.santandermedia.com/adobe/assets/urn:aaid:aem:ee58dea3-0da6-4808-ac96-6a3fb5d7c5f6/original/as/ES-U.C.I._15_Septiembre24-Información_Periódica-UCI_15.pdf,SOURCE_UNAVAILABLE,0,,offline
https://assets.santandermedia.com/adobe/assets/urn:aaid:aem:f39f62c0-8137-4e90-8997-417163c719ff/original/as/ES-UCI_15_Cuentas_anuales_2021_FTA-Informe_Anual-UCI_15.pdf,SOURCE_UNAVAILABLE,0,,offline
https://assets.santandermedia.com/adobe/assets/urn:aaid:aem:f44b6ffd-8b24-4e56-b3fe-4bf2edd7b8ce/original/as/ES-U.C.I._15_Junio13-Información_Periódica-UCI_15.pdf,SOURCE_UNAVAILABLE,0,,offline
https://assets.santandermedia.com/adobe/assets/urn:aaid:aem:fada92ab-812f-4baa-8c8b-5ae5b02272db/original/as/ES-U.C.I._15_Diciembre10-Información_Periódica-UCI_15.pdf,SOURCE_UNAVAILABLE,0,,offline
https://cnmv.es/AUDITA/2022/19844.pdf,SOURCE_UNAVAILABLE,0,,offline
https://edt-sg.com/intranet/fondos/FGH11/MFGH11C01131231.pdf,SOURCE_UNAVAILABLE,0,,offline
https://edt-sg.com/intranet/fondos/FGH11/MFGH11C01161231.pdf,SOURCE_UNAVAILABLE,0,,offline
https://edt-sg.com/intranet/fondos/FGH11/MFGH11D01240327.pdf,SOURCE_UNAVAILABLE,0,,offline
https://ind.millenniumbcp.pt/pt/Institucional/investidores/securitizacoes/Documents/Magellan3-InvestorReport/200602Magellan3_InvestorReport.pdf,SOURCE_UNAVAILABLE,0,,offline
https://ind.millenniumbcp.pt/pt/Institucional/investidores/securitizacoes/Documents/Magellan3-InvestorReport/200608Magellan3_InvestorReport.pdf,SOURCE_UNAVAILABLE,0,,offline
https://ind.millenniumbcp.pt/pt/Institucional/investidores/securitizacoes/Documents/Magellan3-InvestorReport/200902Magellan3_InvestorReport.pdf,SOURCE_UNAVAILABLE,0,,offline
https://ind.millenniumbcp.pt/pt/Institucional/investidores/securitizacoes/Documents/Magellan3-InvestorReport/201308Magellan3_InvestorReport.pdf,SOURCE_UNAVAILABLE,0,,offline
https://ind.millenniumbcp.pt/pt/Institucional/investidores/securitizacoes/Documents/Magellan3-InvestorReport/201708Magellan3_InvestorReport.pdf,SOURCE_UNAVAILABLE,0,,offline
https://ind.millenniumbcp.pt/pt/Institucional/investidores/securitizacoes/Documents/Magellan3-InvestorReport/201808Magellan3_InvestorReport.pdf,SOURCE_UNAVAILABLE,0,,offline
https://ind.millenniumbcp.pt/pt/Institucional/investidores/securitizacoes/Documents/Magellan3-InvestorReport/201811Magellan3_InvestorReport.pdf,SOURCE_UNAVAILABLE,0,,offline
https://ind.millenniumbcp.pt/pt/Institucional/investidores/securitizacoes/Documents/Magellan3-InvestorReport/Investor-Report-2025-11.pdf,SOURCE_UNAVAILABLE,0,,offline
https://ind.millenniumbcp.pt/pt/Institucional/investidores/securitizacoes/Documents/Magellan3-InvestorReport/Investor-Report-202608.pdf,SOURCE_UNAVAILABLE,0,,offline
https://ind.millenniumbcp.pt/pt/Institucional/investidores/securitizacoes/Documents/Magellan3-InvestorReport/InvestorReport_202202.pdf,SOURCE_UNAVAILABLE,0,,offline
https://ind.millenniumbcp.pt/pt/Institucional/investidores/securitizacoes/Documents/Magellan3-InvestorReport/InvestorReport_202205.pdf,SOURCE_UNAVAILABLE,0,,offline
https://ind.millenniumbcp.pt/pt/Institucional/investidores/securitizacoes/Documents/Magellan3-InvestorReport/InvestorReport_2023-05.pdf,SOURCE_UNAVAILABLE,0,,offline
https://ind.millenniumbcp.pt/pt/Institucional/investidores/securitizacoes/Documents/Magellan3-InvestorReport/InvestorReport_202405.pdf,SOURCE_UNAVAILABLE,0,,offline
https://ind.millenniumbcp.pt/pt/Institucional/investidores/securitizacoes/Documents/Magellan3-InvestorReport/InvestorReport_202502.pdf,SOURCE_UNAVAILABLE,0,,offline
https://ind.millenniumbcp.pt/pt/Institucional/investidores/securitizacoes/Documents/Magellan3-InvestorReport/InvestorReport_202508.pdf,SOURCE_UNAVAILABLE,0,,offline
https://ind.millenniumbcp.pt/pt/Institucional/investidores/securitizacoes/Documents/Magellan3-InvestorReport/InvestorReport_202605.pdf,SOURCE_UNAVAILABLE,0,,offline
https://ind.millenniumbcp.pt/pt/Institucional/investidores/securitizacoes/Documents/Magellan3-InvestorReport/Investor_Report_15022021.pdf,SOURCE_UNAVAILABLE,0,,offline
https://ind.millenniumbcp.pt/pt/Institucional/investidores/securitizacoes/Documents/Magellan3-InvestorReport/Investor_Report_16052019.pdf,SOURCE_UNAVAILABLE,0,,offline
https://ind.millenniumbcp.pt/pt/Institucional/investidores/securitizacoes/Documents/Magellan3-InvestorReport/Investor_Report_2019_02.pdf,SOURCE_UNAVAILABLE,0,,offline
https://ind.millenniumbcp.pt/pt/Institucional/investidores/securitizacoes/Documents/Magellan3-InvestorReport/Investor_Report_2019_08.pdf,SOURCE_UNAVAILABLE,0,,offline
https://ind.millenniumbcp.pt/pt/Institucional/investidores/securitizacoes/Documents/Magellan3-InvestorReport/Investor_Report_2020_11_12112020.pdf,SOURCE_UNAVAILABLE,0,,offline
https://ind.millenniumbcp.pt/pt/Institucional/investidores/securitizacoes/Documents/Magellan3-InvestorReport/Magellan3_InvestorReport_202311.pdf,SOURCE_UNAVAILABLE,0,,offline
https://ind.millenniumbcp.pt/pt/Institucional/investidores/securitizacoes/Documents/Magellan4-InvestorReport/200907Magellan4_InvestorReport.pdf,SOURCE_UNAVAILABLE,0,,offline
https://ind.millenniumbcp.pt/pt/Institucional/investidores/securitizacoes/Documents/Magellan4-InvestorReport/201001Magellan4_InvestorReport.pdf,SOURCE_UNAVAILABLE,0,,offline
https://ind.millenniumbcp.pt/pt/Institucional/investidores/securitizacoes/Documents/Magellan4-InvestorReport/201204Magellan4_InvestorReport.pdf,SOURCE_UNAVAILABLE,0,,offline
https://ind.millenniumbcp.pt/pt/Institucional/investidores/securitizacoes/Documents/Magellan4-InvestorReport/201304Magellan4_InvestorReport.pdf,SOURCE_UNAVAILABLE,0,,offline
https://ind.millenniumbcp.pt/pt/Institucional/investidores/securitizacoes/Documents/Magellan4-InvestorReport/201507Magellan4_InvestorReport.pdf,SOURCE_UNAVAILABLE,0,,offline
https://ind.millenniumbcp.pt/pt/Institucional/investidores/securitizacoes/Documents/Magellan4-InvestorReport/201704Magellan4_InvestorReport.pdf,SOURCE_UNAVAILABLE,0,,offline
https://ind.millenniumbcp.pt/pt/Institucional/investidores/securitizacoes/Documents/Magellan4-InvestorReport/201804Magellan4_InvestorReport.pdf,SOURCE_UNAVAILABLE,0,,offline
https://ind.millenniumbcp.pt/pt/Institucional/investidores/securitizacoes/Documents/Magellan4-InvestorReport/202501_Magellan4_InvestorReport.pdf,SOURCE_UNAVAILABLE,0,,offline
https://ind.millenniumbcp.pt/pt/Institucional/investidores/securitizacoes/Documents/Magellan4-InvestorReport/InvestorReport_202607.pdf,SOURCE_UNAVAILABLE,0,,offline
https://ind.millenniumbcp.pt/pt/Institucional/investidores/securitizacoes/Documents/Magellan4-InvestorReport/Investor_Report_2019_01.pdf,SOURCE_UNAVAILABLE,0,,offline
https://ind.millenniumbcp.pt/pt/Institucional/investidores/securitizacoes/Documents/Magellan4-InvestorReport/Magellan-Mortgages-No4-plc_16012026.pdf,SOURCE_UNAVAILABLE,0,,offline
https://internet.cnmv.es/AUDITA/2012/14705.pdf,SOURCE_UNAVAILABLE,0,,offline
https://internet.cnmv.es/AUDITA/2014/15857.pdf,SOURCE_UNAVAILABLE,0,,offline
https://internet.cnmv.es/AUDITA/2016/16943.pdf,SOURCE_UNAVAILABLE,0,,offline
https://internet.cnmv.es/AUDITA/2016/16943.pdf,SOURCE_UNAVAILABLE,0,,offline
https://internet.cnmv.es/AUDITA/2017/17468.pdf,SOURCE_UNAVAILABLE,0,,offline
https://internet.cnmv.es/AUDITA/2017/17482.pdf,SOURCE_UNAVAILABLE,0,,offline
https://internet.cnmv.es/AUDITA/2017/17482.pdf,SOURCE_UNAVAILABLE,0,,offline
https://internet.cnmv.es/AUDITA/2017/17633.pdf,SOURCE_UNAVAILABLE,0,,offline
https://internet.cnmv.es/AUDITA/2017/17633.pdf,SOURCE_UNAVAILABLE,0,,offline
https://internet.cnmv.es/AUDITA/2019/18489.pdf,SOURCE_UNAVAILABLE,0,,offline
https://internet.cnmv.es/AUDITA/2019/18634.pdf,SOURCE_UNAVAILABLE,0,,offline
https://internet.cnmv.es/AUDITA/2020/18903.pdf,SOURCE_UNAVAILABLE,0,,offline
https://internet.cnmv.es/AUDITA/2020/19036.pdf,SOURCE_UNAVAILABLE,0,,offline
https://internet.cnmv.es/AUDITA/2020/19036.pdf,SOURCE_UNAVAILABLE,0,,offline
https://internet.cnmv.es/AUDITA/2021/19409.pdf,SOURCE_UNAVAILABLE,0,,offline
https://internet.cnmv.es/AUDITA/2021/19444.pdf,SOURCE_UNAVAILABLE,0,,offline
https://internet.cnmv.es/AUDITA/2021/19445.pdf,SOURCE_UNAVAILABLE,0,,offline
https://internet.cnmv.es/AUDITA/2021/19445.pdf,SOURCE_UNAVAILABLE,0,,offline
https://internet.cnmv.es/AUDITA/2021/19447.pdf,SOURCE_UNAVAILABLE,0,,offline
https://internet.cnmv.es/AUDITA/2021/19474.pdf,SOURCE_UNAVAILABLE,0,,offline
https://internet.cnmv.es/AUDITA/2022/19745.pdf,SOURCE_UNAVAILABLE,0,,offline
https://internet.cnmv.es/AUDITA/2022/19794.pdf,SOURCE_UNAVAILABLE,0,,offline
https://internet.cnmv.es/AUDITA/2022/19949.pdf,SOURCE_UNAVAILABLE,0,,offline
https://www.cnmv.es/AUDITA/2010/12846.pdf,SOURCE_UNAVAILABLE,0,,offline
https://www.cnmv.es/AUDITA/2010/12852.pdf,SOURCE_UNAVAILABLE,0,,offline
https://www.cnmv.es/AUDITA/2014/15739.pdf,SOURCE_UNAVAILABLE,0,,offline
https://www.cnmv.es/AUDITA/2014/15739.pdf,SOURCE_UNAVAILABLE,0,,offline
https://www.cnmv.es/AUDITA/2015/16518.pdf,SOURCE_UNAVAILABLE,0,,offline
https://www.cnmv.es/AUDITA/2016/16939.pdf,SOURCE_UNAVAILABLE,0,,offline
https://www.cnmv.es/AUDITA/2016/16949.pdf,SOURCE_UNAVAILABLE,0,,offline
https://www.cnmv.es/AUDITA/2017/17478.pdf,SOURCE_UNAVAILABLE,0,,offline
https://www.cnmv.es/AUDITA/2017/17774.pdf,SOURCE_UNAVAILABLE,0,,offline
https://www.cnmv.es/AUDITA/2020/19038.pdf,SOURCE_UNAVAILABLE,0,,offline
https://www.cnmv.es/AUDITA/2022/19746.pdf,SOURCE_UNAVAILABLE,0,,offline
https://www.cnmv.es/AUDITA/2023/20397.pdf,SOURCE_UNAVAILABLE,0,,offline
https://www.cnmv.es/AUDITA/2024/20567.pdf,SOURCE_UNAVAILABLE,0,,offline
https://www.cnmv.es/AUDITA/2024/20705.pdf,SOURCE_UNAVAILABLE,0,,offline
https://www.cnmv.es/AUDITA/2024/20705.pdf,SOURCE_UNAVAILABLE,0,,offline
