month_end,pool_outstanding_eur,monthly_cpr_annualised,source
2006-05,1380043487.53,0.3356,"UCI 15 Información Periódica Jun-2026, prepayment table (Saldo Real / TACP mensual)"
2006-06,1353249969.08,0.1953,"UCI 15 Información Periódica Jun-2026, prepayment table (Saldo Real / TACP mensual)"
2006-07,1327391212.12,0.19219999999999998,"UCI 15 Información Periódica Jun-2026, prepayment table (Saldo Real / TACP mensual)"
2006-08,1315540418.08,0.08560000000000001,"UCI 15 Información Periódica Jun-2026, prepayment table (Saldo Real / TACP mensual)"
2006-09,1297490943.21,0.13720000000000002,"UCI 15 Información Periódica Jun-2026, prepayment table (Saldo Real / TACP mensual)"
2006-10,1275442619.04,0.17079999999999998,"UCI 15 Información Periódica Jun-2026, prepayment table (Saldo Real / TACP mensual)"
2006-11,1258146654.54,0.1353,"UCI 15 Información Periódica Jun-2026, prepayment table (Saldo Real / TACP mensual)"
2006-12,1237697663.85,0.1632,"UCI 15 Información Periódica Jun-2026, prepayment table (Saldo Real / TACP mensual)"
2007-01,1223628940.59,0.1118,"UCI 15 Información Periódica Jun-2026, prepayment table (Saldo Real / TACP mensual)"
2007-02,1204243585.17,0.1588,"UCI 15 Información Periódica Jun-2026, prepayment table (Saldo Real / TACP mensual)"
2007-03,1179024458.45,0.2096,"UCI 15 Información Periódica Jun-2026, prepayment table (Saldo Real / TACP mensual)"
2007-04,1161496331.55,0.14859999999999998,"UCI 15 Información Periódica Jun-2026, prepayment table (Saldo Real / TACP mensual)"
2007-05,1142960875.12,0.1598,"UCI 15 Información Periódica Jun-2026, prepayment table (Saldo Real / TACP mensual)"
2007-06,1123052569.05,0.1745,"UCI 15 Información Periódica Jun-2026, prepayment table (Saldo Real / TACP mensual)"
2007-07,1101396337.69,0.1931,"UCI 15 Información Periódica Jun-2026, prepayment table (Saldo Real / TACP mensual)"
2007-08,1091486277.77,0.08529999999999999,"UCI 15 Información Periódica Jun-2026, prepayment table (Saldo Real / TACP mensual)"
2007-09,1075361579.59,0.1472,"UCI 15 Información Periódica Jun-2026, prepayment table (Saldo Real / TACP mensual)"
2007-10,1064435247.80,0.098,"UCI 15 Información Periódica Jun-2026, prepayment table (Saldo Real / TACP mensual)"
2007-11,1052639111.52,0.1079,"UCI 15 Información Periódica Jun-2026, prepayment table (Saldo Real / TACP mensual)"
2007-12,1042056670.85,0.0966,"UCI 15 Información Periódica Jun-2026, prepayment table (Saldo Real / TACP mensual)"
2008-01,1031569624.24,0.0966,"UCI 15 Información Periódica Jun-2026, prepayment table (Saldo Real / TACP mensual)"
2008-02,1022457994.61,0.083,"UCI 15 Información Periódica Jun-2026, prepayment table (Saldo Real / TACP mensual)"
2008-03,1014169355.03,0.0748,"UCI 15 Información Periódica Jun-2026, prepayment table (Saldo Real / TACP mensual)"
2008-04,1006555566.61,0.068,"UCI 15 Información Periódica Jun-2026, prepayment table (Saldo Real / TACP mensual)"
2008-05,998584597.38,0.0725,"UCI 15 Información Periódica Jun-2026, prepayment table (Saldo Real / TACP mensual)"
2008-06,990175042.13,0.078,"UCI 15 Información Periódica Jun-2026, prepayment table (Saldo Real / TACP mensual)"
2008-07,983543547.82,0.058499999999999996,"UCI 15 Información Periódica Jun-2026, prepayment table (Saldo Real / TACP mensual)"
2008-08,985241602.52,-0.042,"UCI 15 Información Periódica Jun-2026, prepayment table (Saldo Real / TACP mensual)"
2008-09,980988583.26,0.030899999999999997,"UCI 15 Información Periódica Jun-2026, prepayment table (Saldo Real / TACP mensual)"
2008-10,967051291.16,0.1402,"UCI 15 Información Periódica Jun-2026, prepayment table (Saldo Real / TACP mensual)"
2008-11,961368402.37,0.0487,"UCI 15 Información Periódica Jun-2026, prepayment table (Saldo Real / TACP mensual)"
2008-12,954925810.28,0.0581,"UCI 15 Información Periódica Jun-2026, prepayment table (Saldo Real / TACP mensual)"
2009-01,950099266.39,0.0391,"UCI 15 Información Periódica Jun-2026, prepayment table (Saldo Real / TACP mensual)"
2009-02,944260166.47,0.051500000000000004,"UCI 15 Información Periódica Jun-2026, prepayment table (Saldo Real / TACP mensual)"
2009-03,936820045.34,0.0711,"UCI 15 Información Periódica Jun-2026, prepayment table (Saldo Real / TACP mensual)"
2009-04,931491274.54,0.0461,"UCI 15 Información Periódica Jun-2026, prepayment table (Saldo Real / TACP mensual)"
2009-05,925020233.76,0.0604,"UCI 15 Información Periódica Jun-2026, prepayment table (Saldo Real / TACP mensual)"
2009-06,916684024.78,0.0834,"UCI 15 Información Periódica Jun-2026, prepayment table (Saldo Real / TACP mensual)"
2009-07,909495828.22,0.0703,"UCI 15 Información Periódica Jun-2026, prepayment table (Saldo Real / TACP mensual)"
2009-08,904644124.40,0.0416,"UCI 15 Información Periódica Jun-2026, prepayment table (Saldo Real / TACP mensual)"
2009-09,898264885.57,0.0611,"UCI 15 Información Periódica Jun-2026, prepayment table (Saldo Real / TACP mensual)"
2009-10,890862284.36,0.07440000000000001,"UCI 15 Información Periódica Jun-2026, prepayment table (Saldo Real / TACP mensual)"
2009-11,884524551.82,0.0616,"UCI 15 Información Periódica Jun-2026, prepayment table (Saldo Real / TACP mensual)"
2009-12,877748978.70,0.0677,"UCI 15 Información Periódica Jun-2026, prepayment table (Saldo Real / TACP mensual)"
2010-01,869514857.72,0.0868,"UCI 15 Información Periódica Jun-2026, prepayment table (Saldo Real / TACP mensual)"
2010-02,863787994.90,0.0553,"UCI 15 Información Periódica Jun-2026, prepayment table (Saldo Real / TACP mensual)"
2010-03,857025226.48,0.0693,"UCI 15 Información Periódica Jun-2026, prepayment table (Saldo Real / TACP mensual)"
2010-04,851593316.56,0.052300000000000006,"UCI 15 Información Periódica Jun-2026, prepayment table (Saldo Real / TACP mensual)"
2010-05,845767853.41,0.0579,"UCI 15 Información Periódica Jun-2026, prepayment table (Saldo Real / TACP mensual)"
2010-06,836928310.84,0.0981,"UCI 15 Información Periódica Jun-2026, prepayment table (Saldo Real / TACP mensual)"
2010-07,828049732.05,0.09970000000000001,"UCI 15 Información Periódica Jun-2026, prepayment table (Saldo Real / TACP mensual)"
2010-08,822803112.58,0.0518,"UCI 15 Información Periódica Jun-2026, prepayment table (Saldo Real / TACP mensual)"
2010-09,815621494.23,0.0787,"UCI 15 Información Periódica Jun-2026, prepayment table (Saldo Real / TACP mensual)"
2010-10,809499327.95,0.0649,"UCI 15 Información Periódica Jun-2026, prepayment table (Saldo Real / TACP mensual)"
2010-11,802308952.86,0.0802,"UCI 15 Información Periódica Jun-2026, prepayment table (Saldo Real / TACP mensual)"
2010-12,797750452.49,0.043899999999999995,"UCI 15 Información Periódica Jun-2026, prepayment table (Saldo Real / TACP mensual)"
2011-01,791819492.28,0.0638,"UCI 15 Información Periódica Jun-2026, prepayment table (Saldo Real / TACP mensual)"
2011-02,787459136.58,0.0416,"UCI 15 Información Periódica Jun-2026, prepayment table (Saldo Real / TACP mensual)"
2011-03,781979146.09,0.0581,"UCI 15 Información Periódica Jun-2026, prepayment table (Saldo Real / TACP mensual)"
2011-04,777549645.46,0.0432,"UCI 15 Información Periódica Jun-2026, prepayment table (Saldo Real / TACP mensual)"
2011-05,773708773.59,0.0346,"UCI 15 Información Periódica Jun-2026, prepayment table (Saldo Real / TACP mensual)"
2011-06,769406717.01,0.0417,"UCI 15 Información Periódica Jun-2026, prepayment table (Saldo Real / TACP mensual)"
2011-07,761747749.92,0.09119999999999999,"UCI 15 Información Periódica Jun-2026, prepayment table (Saldo Real / TACP mensual)"
2011-08,760413358.28,-0.0034999999999999996,"UCI 15 Información Periódica Jun-2026, prepayment table (Saldo Real / TACP mensual)"
2011-09,758448666.20,0.0064,"UCI 15 Información Periódica Jun-2026, prepayment table (Saldo Real / TACP mensual)"
2011-10,754407680.14,0.0385,"UCI 15 Información Periódica Jun-2026, prepayment table (Saldo Real / TACP mensual)"
2011-11,749435478.37,0.053,"UCI 15 Información Periódica Jun-2026, prepayment table (Saldo Real / TACP mensual)"
2011-12,747518363.38,0.005600000000000001,"UCI 15 Información Periódica Jun-2026, prepayment table (Saldo Real / TACP mensual)"
2012-01,744179051.10,0.0281,"UCI 15 Información Periódica Jun-2026, prepayment table (Saldo Real / TACP mensual)"
2012-02,739194434.50,0.0538,"UCI 15 Información Periódica Jun-2026, prepayment table (Saldo Real / TACP mensual)"
2012-03,737587615.18,0.0006,"UCI 15 Información Periódica Jun-2026, prepayment table (Saldo Real / TACP mensual)"
2012-04,734949257.75,0.0172,"UCI 15 Información Periódica Jun-2026, prepayment table (Saldo Real / TACP mensual)"
2012-05,730750161.83,0.0421,"UCI 15 Información Periódica Jun-2026, prepayment table (Saldo Real / TACP mensual)"
2012-06,728537502.40,0.0104,"UCI 15 Información Periódica Jun-2026, prepayment table (Saldo Real / TACP mensual)"
2012-07,722727126.46,0.0677,"UCI 15 Información Periódica Jun-2026, prepayment table (Saldo Real / TACP mensual)"
2012-08,722655309.96,-0.0253,"UCI 15 Información Periódica Jun-2026, prepayment table (Saldo Real / TACP mensual)"
2012-09,719397608.24,0.0275,"UCI 15 Información Periódica Jun-2026, prepayment table (Saldo Real / TACP mensual)"
2012-10,716897587.68,0.0152,"UCI 15 Información Periódica Jun-2026, prepayment table (Saldo Real / TACP mensual)"
2012-11,715024387.15,0.0048,"UCI 15 Información Periódica Jun-2026, prepayment table (Saldo Real / TACP mensual)"
2012-12,710548918.39,0.0475,"UCI 15 Información Periódica Jun-2026, prepayment table (Saldo Real / TACP mensual)"
2013-01,708026493.50,0.015700000000000002,"UCI 15 Información Periódica Jun-2026, prepayment table (Saldo Real / TACP mensual)"
2013-02,705716537.85,0.012199999999999999,"UCI 15 Información Periódica Jun-2026, prepayment table (Saldo Real / TACP mensual)"
2013-03,701317631.74,0.046799999999999994,"UCI 15 Información Periódica Jun-2026, prepayment table (Saldo Real / TACP mensual)"
2013-04,698775192.19,0.016200000000000003,"UCI 15 Información Periódica Jun-2026, prepayment table (Saldo Real / TACP mensual)"
2013-05,696754375.50,0.0073,"UCI 15 Información Periódica Jun-2026, prepayment table (Saldo Real / TACP mensual)"
2013-06,692997742.83,0.0366,"UCI 15 Información Periódica Jun-2026, prepayment table (Saldo Real / TACP mensual)"
2013-07,690830156.58,0.0098,"UCI 15 Información Periódica Jun-2026, prepayment table (Saldo Real / TACP mensual)"
2013-08,687831601.50,0.024,"UCI 15 Información Periódica Jun-2026, prepayment table (Saldo Real / TACP mensual)"
2013-09,684142259.43,0.0358,"UCI 15 Información Periódica Jun-2026, prepayment table (Saldo Real / TACP mensual)"
2013-10,681407343.26,0.0197,"UCI 15 Información Periódica Jun-2026, prepayment table (Saldo Real / TACP mensual)"
2013-11,678389936.27,0.0246,"UCI 15 Información Periódica Jun-2026, prepayment table (Saldo Real / TACP mensual)"
2013-12,672727092.66,0.0695,"UCI 15 Información Periódica Jun-2026, prepayment table (Saldo Real / TACP mensual)"
2014-01,669741168.36,0.024399999999999998,"UCI 15 Información Periódica Jun-2026, prepayment table (Saldo Real / TACP mensual)"
2014-02,666204382.96,0.0341,"UCI 15 Información Periódica Jun-2026, prepayment table (Saldo Real / TACP mensual)"
2014-03,660791682.01,0.0666,"UCI 15 Información Periódica Jun-2026, prepayment table (Saldo Real / TACP mensual)"
2014-04,657294909.44,0.0339,"UCI 15 Información Periódica Jun-2026, prepayment table (Saldo Real / TACP mensual)"
2014-05,654159570.63,0.0277,"UCI 15 Información Periódica Jun-2026, prepayment table (Saldo Real / TACP mensual)"
2014-06,650288959.79,0.0409,"UCI 15 Información Periódica Jun-2026, prepayment table (Saldo Real / TACP mensual)"
2014-07,645319509.47,0.0605,"UCI 15 Información Periódica Jun-2026, prepayment table (Saldo Real / TACP mensual)"
2014-08,641331898.48,0.0436,"UCI 15 Información Periódica Jun-2026, prepayment table (Saldo Real / TACP mensual)"
2014-09,637655294.13,0.0382,"UCI 15 Información Periódica Jun-2026, prepayment table (Saldo Real / TACP mensual)"
2014-10,633994609.78,0.0381,"UCI 15 Información Periódica Jun-2026, prepayment table (Saldo Real / TACP mensual)"
2014-11,631298732.60,0.0206,"UCI 15 Información Periódica Jun-2026, prepayment table (Saldo Real / TACP mensual)"
2014-12,627228333.64,0.046,"UCI 15 Información Periódica Jun-2026, prepayment table (Saldo Real / TACP mensual)"
2015-01,624125556.12,0.028399999999999998,"UCI 15 Información Periódica Jun-2026, prepayment table (Saldo Real / TACP mensual)"
2015-02,620747224.91,0.0337,"UCI 15 Información Periódica Jun-2026, prepayment table (Saldo Real / TACP mensual)"
2015-03,616542183.41,0.0493,"UCI 15 Información Periódica Jun-2026, prepayment table (Saldo Real / TACP mensual)"
2015-04,613634973.52,0.0252,"UCI 15 Información Periódica Jun-2026, prepayment table (Saldo Real / TACP mensual)"
2015-05,611239656.92,0.0154,"UCI 15 Información Periódica Jun-2026, prepayment table (Saldo Real / TACP mensual)"
2015-06,610448576.02,-0.0161,"UCI 15 Información Periódica Jun-2026, prepayment table (Saldo Real / TACP mensual)"
2015-07,602562219.99,0.11689999999999999,"UCI 15 Información Periódica Jun-2026, prepayment table (Saldo Real / TACP mensual)"
2015-08,599643847.82,0.026000000000000002,"UCI 15 Información Periódica Jun-2026, prepayment table (Saldo Real / TACP mensual)"
2015-09,595819113.59,0.0437,"UCI 15 Información Periódica Jun-2026, prepayment table (Saldo Real / TACP mensual)"
2015-10,592873529.40,0.0268,"UCI 15 Información Periódica Jun-2026, prepayment table (Saldo Real / TACP mensual)"
2015-11,590468490.37,0.0161,"UCI 15 Información Periódica Jun-2026, prepayment table (Saldo Real / TACP mensual)"
2015-12,586260523.35,0.0521,"UCI 15 Información Periódica Jun-2026, prepayment table (Saldo Real / TACP mensual)"
2016-01,582596410.22,0.0418,"UCI 15 Información Periódica Jun-2026, prepayment table (Saldo Real / TACP mensual)"
2016-02,578794388.36,0.044800000000000006,"UCI 15 Información Periódica Jun-2026, prepayment table (Saldo Real / TACP mensual)"
2016-03,575926403.61,0.0263,"UCI 15 Información Periódica Jun-2026, prepayment table (Saldo Real / TACP mensual)"
2016-04,571339940.30,0.060899999999999996,"UCI 15 Información Periódica Jun-2026, prepayment table (Saldo Real / TACP mensual)"
2016-05,568873664.67,0.0184,"UCI 15 Información Periódica Jun-2026, prepayment table (Saldo Real / TACP mensual)"
2016-06,564440474.70,0.058600000000000006,"UCI 15 Información Periódica Jun-2026, prepayment table (Saldo Real / TACP mensual)"
2016-07,561150589.11,0.0358,"UCI 15 Información Periódica Jun-2026, prepayment table (Saldo Real / TACP mensual)"
2016-08,558712880.15,0.0181,"UCI 15 Información Periódica Jun-2026, prepayment table (Saldo Real / TACP mensual)"
2016-09,555219388.14,0.0403,"UCI 15 Información Periódica Jun-2026, prepayment table (Saldo Real / TACP mensual)"
2016-10,551908178.44,0.036699999999999997,"UCI 15 Información Periódica Jun-2026, prepayment table (Saldo Real / TACP mensual)"
2016-11,549072303.90,0.0269,"UCI 15 Información Periódica Jun-2026, prepayment table (Saldo Real / TACP mensual)"
2016-12,545789052.54,0.0365,"UCI 15 Información Periódica Jun-2026, prepayment table (Saldo Real / TACP mensual)"
2017-01,542670157.35,0.0332,"UCI 15 Información Periódica Jun-2026, prepayment table (Saldo Real / TACP mensual)"
2017-02,539835980.07,0.027200000000000002,"UCI 15 Información Periódica Jun-2026, prepayment table (Saldo Real / TACP mensual)"
2017-03,538059823.16,0.0040999999999999995,"UCI 15 Información Periódica Jun-2026, prepayment table (Saldo Real / TACP mensual)"
2017-04,533293117.09,0.0687,"UCI 15 Información Periódica Jun-2026, prepayment table (Saldo Real / TACP mensual)"
2017-05,530694026.47,0.0225,"UCI 15 Información Periódica Jun-2026, prepayment table (Saldo Real / TACP mensual)"
2017-06,527501427.74,0.035699999999999996,"UCI 15 Información Periódica Jun-2026, prepayment table (Saldo Real / TACP mensual)"
2017-07,524351840.46,0.0349,"UCI 15 Información Periódica Jun-2026, prepayment table (Saldo Real / TACP mensual)"
2017-08,521402785.79,0.030600000000000002,"UCI 15 Información Periódica Jun-2026, prepayment table (Saldo Real / TACP mensual)"
2017-09,518606859.80,0.0273,"UCI 15 Información Periódica Jun-2026, prepayment table (Saldo Real / TACP mensual)"
2017-10,515731803.28,0.0292,"UCI 15 Información Periódica Jun-2026, prepayment table (Saldo Real / TACP mensual)"
2017-11,512975886.85,0.026699999999999998,"UCI 15 Información Periódica Jun-2026, prepayment table (Saldo Real / TACP mensual)"
2017-12,509331964.47,0.0471,"UCI 15 Información Periódica Jun-2026, prepayment table (Saldo Real / TACP mensual)"
2018-01,506443603.02,0.0302,"UCI 15 Información Periódica Jun-2026, prepayment table (Saldo Real / TACP mensual)"
2018-02,504511029.99,0.008100000000000001,"UCI 15 Información Periódica Jun-2026, prepayment table (Saldo Real / TACP mensual)"
2018-03,500424093.32,0.057800000000000004,"UCI 15 Información Periódica Jun-2026, prepayment table (Saldo Real / TACP mensual)"
2018-04,497369314.06,0.0346,"UCI 15 Información Periódica Jun-2026, prepayment table (Saldo Real / TACP mensual)"
2018-05,495258381.38,0.0124,"UCI 15 Información Periódica Jun-2026, prepayment table (Saldo Real / TACP mensual)"
2018-06,491134073.03,0.059699999999999996,"UCI 15 Información Periódica Jun-2026, prepayment table (Saldo Real / TACP mensual)"
2018-07,487188360.20,0.056100000000000004,"UCI 15 Información Periódica Jun-2026, prepayment table (Saldo Real / TACP mensual)"
2018-08,484899510.79,0.0171,"UCI 15 Información Periódica Jun-2026, prepayment table (Saldo Real / TACP mensual)"
2018-09,481071041.58,0.0541,"UCI 15 Información Periódica Jun-2026, prepayment table (Saldo Real / TACP mensual)"
2018-10,477739565.64,0.042699999999999995,"UCI 15 Información Periódica Jun-2026, prepayment table (Saldo Real / TACP mensual)"
2018-11,475094278.07,0.0262,"UCI 15 Información Periódica Jun-2026, prepayment table (Saldo Real / TACP mensual)"
2018-12,470095632.82,0.083,"UCI 15 Información Periódica Jun-2026, prepayment table (Saldo Real / TACP mensual)"
2019-01,466430055.80,0.052000000000000005,"UCI 15 Información Periódica Jun-2026, prepayment table (Saldo Real / TACP mensual)"
2019-02,463657031.14,0.030299999999999997,"UCI 15 Información Periódica Jun-2026, prepayment table (Saldo Real / TACP mensual)"
2019-03,459507886.39,0.0646,"UCI 15 Información Periódica Jun-2026, prepayment table (Saldo Real / TACP mensual)"
2019-04,456714398.25,0.0313,"UCI 15 Información Periódica Jun-2026, prepayment table (Saldo Real / TACP mensual)"
2019-05,453953438.62,0.030600000000000002,"UCI 15 Información Periódica Jun-2026, prepayment table (Saldo Real / TACP mensual)"
2019-06,450423740.56,0.050499999999999996,"UCI 15 Información Periódica Jun-2026, prepayment table (Saldo Real / TACP mensual)"
2019-07,448318134.58,0.0139,"UCI 15 Información Periódica Jun-2026, prepayment table (Saldo Real / TACP mensual)"
2019-08,445701947.07,0.0274,"UCI 15 Información Periódica Jun-2026, prepayment table (Saldo Real / TACP mensual)"
2019-09,442725549.48,0.0369,"UCI 15 Información Periódica Jun-2026, prepayment table (Saldo Real / TACP mensual)"
2019-10,439822247.42,0.0352,"UCI 15 Información Periódica Jun-2026, prepayment table (Saldo Real / TACP mensual)"
2019-11,436072799.05,0.0576,"UCI 15 Información Periódica Jun-2026, prepayment table (Saldo Real / TACP mensual)"
2019-12,433116559.13,0.0373,"UCI 15 Información Periódica Jun-2026, prepayment table (Saldo Real / TACP mensual)"
2020-01,428944302.53,0.0697,"UCI 15 Información Periódica Jun-2026, prepayment table (Saldo Real / TACP mensual)"
2020-02,426033945.40,0.0368,"UCI 15 Información Periódica Jun-2026, prepayment table (Saldo Real / TACP mensual)"
2020-03,423359699.63,0.0305,"UCI 15 Información Periódica Jun-2026, prepayment table (Saldo Real / TACP mensual)"
2020-04,420966869.55,0.0229,"UCI 15 Información Periódica Jun-2026, prepayment table (Saldo Real / TACP mensual)"
2020-05,418777012.32,0.0173,"UCI 15 Información Periódica Jun-2026, prepayment table (Saldo Real / TACP mensual)"
2020-06,415985032.99,0.0344,"UCI 15 Información Periódica Jun-2026, prepayment table (Saldo Real / TACP mensual)"
2020-07,413817106.33,0.017,"UCI 15 Información Periódica Jun-2026, prepayment table (Saldo Real / TACP mensual)"
2020-08,411222879.13,0.0291,"UCI 15 Información Periódica Jun-2026, prepayment table (Saldo Real / TACP mensual)"
2020-09,409012522.58,0.0183,"UCI 15 Información Periódica Jun-2026, prepayment table (Saldo Real / TACP mensual)"
2020-10,406456690.70,0.028300000000000002,"UCI 15 Información Periódica Jun-2026, prepayment table (Saldo Real / TACP mensual)"
2020-11,404011255.55,0.0252,"UCI 15 Información Periódica Jun-2026, prepayment table (Saldo Real / TACP mensual)"
2020-12,401224015.07,0.0364,"UCI 15 Información Periódica Jun-2026, prepayment table (Saldo Real / TACP mensual)"
2021-01,394062936.30,0.1562,"UCI 15 Información Periódica Jun-2026, prepayment table (Saldo Real / TACP mensual)"
2021-02,390296588.65,0.0663,"UCI 15 Información Periódica Jun-2026, prepayment table (Saldo Real / TACP mensual)"
2021-03,386886600.99,0.0567,"UCI 15 Información Periódica Jun-2026, prepayment table (Saldo Real / TACP mensual)"
2021-04,383930263.92,0.0438,"UCI 15 Información Periódica Jun-2026, prepayment table (Saldo Real / TACP mensual)"
2021-05,381689928.79,0.0223,"UCI 15 Información Periódica Jun-2026, prepayment table (Saldo Real / TACP mensual)"
2021-06,374936823.56,0.1532,"UCI 15 Información Periódica Jun-2026, prepayment table (Saldo Real / TACP mensual)"
2021-07,372346758.29,0.034300000000000004,"UCI 15 Información Periódica Jun-2026, prepayment table (Saldo Real / TACP mensual)"
2021-08,369796020.49,0.0333,"UCI 15 Información Periódica Jun-2026, prepayment table (Saldo Real / TACP mensual)"
2021-09,366293375.86,0.06309999999999999,"UCI 15 Información Periódica Jun-2026, prepayment table (Saldo Real / TACP mensual)"
2021-10,363383528.50,0.0453,"UCI 15 Información Periódica Jun-2026, prepayment table (Saldo Real / TACP mensual)"
2021-11,358244929.78,0.11410000000000001,"UCI 15 Información Periódica Jun-2026, prepayment table (Saldo Real / TACP mensual)"
2021-12,355785795.12,0.0321,"UCI 15 Información Periódica Jun-2026, prepayment table (Saldo Real / TACP mensual)"
2022-01,354069406.87,0.0076,"UCI 15 Información Periódica Jun-2026, prepayment table (Saldo Real / TACP mensual)"
2022-02,350892535.84,0.0557,"UCI 15 Información Periódica Jun-2026, prepayment table (Saldo Real / TACP mensual)"
2022-03,347041221.15,0.078,"UCI 15 Información Periódica Jun-2026, prepayment table (Saldo Real / TACP mensual)"
2022-04,343648469.90,0.0641,"UCI 15 Información Periódica Jun-2026, prepayment table (Saldo Real / TACP mensual)"
2022-05,339013476.48,0.105,"UCI 15 Información Periódica Jun-2026, prepayment table (Saldo Real / TACP mensual)"
2022-06,335249546.55,0.0784,"UCI 15 Información Periódica Jun-2026, prepayment table (Saldo Real / TACP mensual)"
2022-07,329702469.44,0.1371,"UCI 15 Información Periódica Jun-2026, prepayment table (Saldo Real / TACP mensual)"
2022-08,325278726.23,0.1032,"UCI 15 Información Periódica Jun-2026, prepayment table (Saldo Real / TACP mensual)"
2022-09,321799699.78,0.0727,"UCI 15 Información Periódica Jun-2026, prepayment table (Saldo Real / TACP mensual)"
2022-10,318085536.31,0.0817,"UCI 15 Información Periódica Jun-2026, prepayment table (Saldo Real / TACP mensual)"
2022-11,313266824.39,0.1208,"UCI 15 Información Periódica Jun-2026, prepayment table (Saldo Real / TACP mensual)"
2022-12,309623389.21,0.08199999999999999,"UCI 15 Información Periódica Jun-2026, prepayment table (Saldo Real / TACP mensual)"
2023-01,304716174.55,0.1276,"UCI 15 Información Periódica Jun-2026, prepayment table (Saldo Real / TACP mensual)"
2023-02,299352040.93,0.1457,"UCI 15 Información Periódica Jun-2026, prepayment table (Saldo Real / TACP mensual)"
2023-03,295855135.13,0.0814,"UCI 15 Información Periódica Jun-2026, prepayment table (Saldo Real / TACP mensual)"
2023-04,293575001.76,0.0356,"UCI 15 Información Periódica Jun-2026, prepayment table (Saldo Real / TACP mensual)"
2023-05,285941605.54,0.22829999999999998,"UCI 15 Información Periódica Jun-2026, prepayment table (Saldo Real / TACP mensual)"
2023-06,283467380.66,0.045700000000000005,"UCI 15 Información Periódica Jun-2026, prepayment table (Saldo Real / TACP mensual)"
2023-07,279901246.62,0.0897,"UCI 15 Información Periódica Jun-2026, prepayment table (Saldo Real / TACP mensual)"
2023-08,267997342.33,0.37070000000000003,"UCI 15 Información Periódica Jun-2026, prepayment table (Saldo Real / TACP mensual)"
2023-09,264222561.99,0.10529999999999999,"UCI 15 Información Periódica Jun-2026, prepayment table (Saldo Real / TACP mensual)"
2023-10,261528736.93,0.0616,"UCI 15 Información Periódica Jun-2026, prepayment table (Saldo Real / TACP mensual)"
2023-11,257296858.06,0.127,"UCI 15 Información Periódica Jun-2026, prepayment table (Saldo Real / TACP mensual)"
2023-12,254192274.40,0.0819,"UCI 15 Información Periódica Jun-2026, prepayment table (Saldo Real / TACP mensual)"
2024-01,250890723.85,0.0917,"UCI 15 Información Periódica Jun-2026, prepayment table (Saldo Real / TACP mensual)"
2024-02,246170935.71,0.1535,"UCI 15 Información Periódica Jun-2026, prepayment table (Saldo Real / TACP mensual)"
2024-03,243953816.04,0.045700000000000005,"UCI 15 Información Periódica Jun-2026, prepayment table (Saldo Real / TACP mensual)"
2024-04,240089048.43,0.1213,"UCI 15 Información Periódica Jun-2026, prepayment table (Saldo Real / TACP mensual)"
2024-05,234732487.05,0.18780000000000002,"UCI 15 Información Periódica Jun-2026, prepayment table (Saldo Real / TACP mensual)"
2024-06,232354732.02,0.0572,"UCI 15 Información Periódica Jun-2026, prepayment table (Saldo Real / TACP mensual)"
2024-07,229376271.99,0.087,"UCI 15 Información Periódica Jun-2026, prepayment table (Saldo Real / TACP mensual)"
2024-08,225949383.56,0.1097,"UCI 15 Información Periódica Jun-2026, prepayment table (Saldo Real / TACP mensual)"
2024-09,222760818.45,0.1002,"UCI 15 Información Periódica Jun-2026, prepayment table (Saldo Real / TACP mensual)"
2024-10,219032771.87,0.128,"UCI 15 Información Periódica Jun-2026, prepayment table (Saldo Real / TACP mensual)"
2024-11,216045592.82,0.094,"UCI 15 Información Periódica Jun-2026, prepayment table (Saldo Real / TACP mensual)"
2024-12,213256518.88,0.08560000000000001,"UCI 15 Información Periódica Jun-2026, prepayment table (Saldo Real / TACP mensual)"
2025-01,211167087.62,0.0499,"UCI 15 Información Periódica Jun-2026, prepayment table (Saldo Real / TACP mensual)"
2025-02,208229559.89,0.0956,"UCI 15 Información Periódica Jun-2026, prepayment table (Saldo Real / TACP mensual)"
2025-03,206010552.46,0.058600000000000006,"UCI 15 Información Periódica Jun-2026, prepayment table (Saldo Real / TACP mensual)"
2025-04,203000508.88,0.10220000000000001,"UCI 15 Información Periódica Jun-2026, prepayment table (Saldo Real / TACP mensual)"
2025-05,200324319.78,0.0859,"UCI 15 Información Periódica Jun-2026, prepayment table (Saldo Real / TACP mensual)"
2025-06,197852166.38,0.07690000000000001,"UCI 15 Información Periódica Jun-2026, prepayment table (Saldo Real / TACP mensual)"
2025-07,194902470.65,0.1047,"UCI 15 Información Periódica Jun-2026, prepayment table (Saldo Real / TACP mensual)"
2025-08,193875767.60,-0.0069,"UCI 15 Información Periódica Jun-2026, prepayment table (Saldo Real / TACP mensual)"
2025-09,190178007.39,0.14800000000000002,"UCI 15 Información Periódica Jun-2026, prepayment table (Saldo Real / TACP mensual)"
2025-10,187664175.03,0.0843,"UCI 15 Información Periódica Jun-2026, prepayment table (Saldo Real / TACP mensual)"
2025-11,185457456.17,0.0673,"UCI 15 Información Periódica Jun-2026, prepayment table (Saldo Real / TACP mensual)"
2025-12,183345025.87,0.0654,"UCI 15 Información Periódica Jun-2026, prepayment table (Saldo Real / TACP mensual)"
2026-01,181527111.07,0.0479,"UCI 15 Información Periódica Jun-2026, prepayment table (Saldo Real / TACP mensual)"
2026-02,179615033.40,0.054400000000000004,"UCI 15 Información Periódica Jun-2026, prepayment table (Saldo Real / TACP mensual)"
2026-03,177274344.59,0.0821,"UCI 15 Información Periódica Jun-2026, prepayment table (Saldo Real / TACP mensual)"
2026-04,174966228.05,0.08130000000000001,"UCI 15 Información Periódica Jun-2026, prepayment table (Saldo Real / TACP mensual)"
2026-05,172572877.77,0.08800000000000001,"UCI 15 Información Periódica Jun-2026, prepayment table (Saldo Real / TACP mensual)"
