isin,ticker,expected_ipd,prev_observed,next_observed,status
ES0338186010,UCI_16_A2,,,,NO_ROWS; CONFIG_INCOMPLETE: ipd_rule
ES0345672010,HIPO_11_A2,2017-01-16,2016-10-22,2018-01-15,MISSING
ES0345672010,HIPO_11_A2,2017-04-18,2016-10-22,2018-01-15,MISSING
ES0345672010,HIPO_11_A2,2017-07-17,2016-10-22,2018-01-15,MISSING
ES0345672010,HIPO_11_A2,2017-10-16,2016-10-22,2018-01-15,MISSING
ES0345672010,HIPO_11_A2,2020-01-15,2019-10-15,,MISSING
ES0345672010,HIPO_11_A2,2020-04-15,2019-10-15,,MISSING
ES0345672010,HIPO_11_A2,2020-07-15,2019-10-15,,MISSING
ES0345672010,HIPO_11_A2,2020-10-15,2019-10-15,,MISSING
ES0345672010,HIPO_11_A2,2021-01-15,2019-10-15,,MISSING
ES0345672010,HIPO_11_A2,2021-04-15,2019-10-15,,MISSING
ES0345672010,HIPO_11_A2,2021-07-15,2019-10-15,,MISSING
ES0345672010,HIPO_11_A2,2021-10-15,2019-10-15,,MISSING
ES0345672010,HIPO_11_A2,2022-01-17,2019-10-15,,MISSING
ES0345672010,HIPO_11_A2,2022-04-19,2019-10-15,,MISSING
ES0345672010,HIPO_11_A2,2022-07-15,2019-10-15,,MISSING
ES0345672010,HIPO_11_A2,2022-10-17,2019-10-15,,MISSING
ES0345672010,HIPO_11_A2,2023-01-16,2019-10-15,,MISSING
ES0345672010,HIPO_11_A2,2023-04-17,2019-10-15,,MISSING
ES0345672010,HIPO_11_A2,2023-07-17,2019-10-15,,MISSING
ES0345672010,HIPO_11_A2,2023-10-16,2019-10-15,,MISSING
ES0345672010,HIPO_11_A2,2024-01-15,2019-10-15,,MISSING
ES0345672010,HIPO_11_A2,2024-04-15,2019-10-15,,MISSING
ES0345672010,HIPO_11_A2,2024-07-15,2019-10-15,,MISSING
ES0345672010,HIPO_11_A2,2024-10-15,2019-10-15,,MISSING
ES0345672010,HIPO_11_A2,2025-01-15,2019-10-15,,MISSING
ES0345672010,HIPO_11_A2,2025-04-15,2019-10-15,,MISSING
ES0345672010,HIPO_11_A2,2025-07-15,2019-10-15,,MISSING
ES0345672010,HIPO_11_A2,2025-10-15,2019-10-15,,MISSING
ES0345672010,HIPO_11_A2,2026-01-15,2019-10-15,,MISSING
ES0345672010,HIPO_11_A2,2026-04-15,2019-10-15,,MISSING
ES0345672010,HIPO_11_A2,2026-07-15,2019-10-15,,MISSING
ES0345721015,HIPO_9_A2a,,,,NO_ROWS
ES0345721023,HIPO_9_A2b,,,,NO_ROWS
ES0359091016,CAJAM_2006-1_A2,,,,NO_ROWS
ES0377955010,TDAC_9_A2,,,,NO_ROWS
ES0377966009,TDAC_8_A,2021-02-26,2020-11-26,,MISSING
ES0377966009,TDAC_8_A,2021-05-26,2020-11-26,,MISSING
ES0377966009,TDAC_8_A,2021-08-26,2020-11-26,,MISSING
ES0377966009,TDAC_8_A,2021-11-26,2020-11-26,,MISSING
ES0377966009,TDAC_8_A,2022-02-28,2020-11-26,,MISSING
ES0377966009,TDAC_8_A,2022-05-26,2020-11-26,,MISSING
ES0377966009,TDAC_8_A,2022-08-26,2020-11-26,,MISSING
ES0377966009,TDAC_8_A,2022-11-28,2020-11-26,,MISSING
ES0377966009,TDAC_8_A,2023-02-27,2020-11-26,,MISSING
ES0377966009,TDAC_8_A,2023-05-26,2020-11-26,,MISSING
ES0377966009,TDAC_8_A,2023-08-28,2020-11-26,,MISSING
ES0377966009,TDAC_8_A,2023-11-27,2020-11-26,,MISSING
ES0377966009,TDAC_8_A,2024-02-26,2020-11-26,,MISSING
ES0377966009,TDAC_8_A,2024-05-27,2020-11-26,,MISSING
ES0377966009,TDAC_8_A,2024-08-26,2020-11-26,,MISSING
ES0377966009,TDAC_8_A,2024-11-26,2020-11-26,,MISSING
ES0377966009,TDAC_8_A,2025-02-26,2020-11-26,,MISSING
ES0377966009,TDAC_8_A,2025-05-26,2020-11-26,,MISSING
ES0377966009,TDAC_8_A,2025-08-26,2020-11-26,,MISSING
ES0377966009,TDAC_8_A,2025-11-26,2020-11-26,,MISSING
ES0377966009,TDAC_8_A,2026-02-26,2020-11-26,,MISSING
ES0377966009,TDAC_8_A,2026-05-26,2020-11-26,,MISSING
ES0377966009,TDAC_8_A,2026-08-26,2020-11-26,,MISSING
ES0377992005,TDAC_5_A,2023-01-26,2022-10-26,,MISSING
ES0377992005,TDAC_5_A,2023-04-26,2022-10-26,,MISSING
ES0377992005,TDAC_5_A,2023-07-26,2022-10-26,,MISSING
ES0377992005,TDAC_5_A,2023-10-26,2022-10-26,,MISSING
ES0377992005,TDAC_5_A,2024-01-26,2022-10-26,,MISSING
ES0377992005,TDAC_5_A,2024-04-26,2022-10-26,,MISSING
ES0377992005,TDAC_5_A,2024-07-26,2022-10-26,,MISSING
ES0377992005,TDAC_5_A,2024-10-28,2022-10-26,,MISSING
ES0377992005,TDAC_5_A,2025-01-27,2022-10-26,,MISSING
ES0377992005,TDAC_5_A,2025-04-28,2022-10-26,,MISSING
ES0377992005,TDAC_5_A,2025-07-28,2022-10-26,,MISSING
ES0377992005,TDAC_5_A,2025-10-27,2022-10-26,,MISSING
ES0377992005,TDAC_5_A,2026-01-26,2022-10-26,,MISSING
ES0377992005,TDAC_5_A,2026-04-27,2022-10-26,,MISSING
ES0377992005,TDAC_5_A,2026-07-27,2022-10-26,,MISSING
ES0377993029,TDAC_6_A3,,,,NO_ROWS
ES0377994019,TDAC_7_A2,,,,NO_ROWS
ES0377994027,TDAC_7_A3,,,,NO_ROWS
ES0380957003,UCI_15_A,2007-09-18,2007-06-18,2012-06-18,MISSING
ES0380957003,UCI_15_A,2007-12-18,2007-06-18,2012-06-18,MISSING
ES0380957003,UCI_15_A,2008-03-18,2007-06-18,2012-06-18,MISSING
ES0380957003,UCI_15_A,2008-06-18,2007-06-18,2012-06-18,MISSING
ES0380957003,UCI_15_A,2008-09-18,2007-06-18,2012-06-18,MISSING
ES0380957003,UCI_15_A,2008-12-18,2007-06-18,2012-06-18,MISSING
ES0380957003,UCI_15_A,2009-03-18,2007-06-18,2012-06-18,MISSING
ES0380957003,UCI_15_A,2009-06-18,2007-06-18,2012-06-18,MISSING
ES0380957003,UCI_15_A,2009-09-18,2007-06-18,2012-06-18,MISSING
ES0380957003,UCI_15_A,2009-12-18,2007-06-18,2012-06-18,MISSING
ES0380957003,UCI_15_A,2010-03-18,2007-06-18,2012-06-18,MISSING
ES0380957003,UCI_15_A,2010-06-18,2007-06-18,2012-06-18,MISSING
ES0380957003,UCI_15_A,2010-09-20,2007-06-18,2012-06-18,MISSING
ES0380957003,UCI_15_A,2010-12-20,2007-06-18,2012-06-18,MISSING
ES0380957003,UCI_15_A,2011-03-18,2007-06-18,2012-06-18,MISSING
ES0380957003,UCI_15_A,2011-06-20,2007-06-18,2012-06-18,MISSING
ES0380957003,UCI_15_A,2011-09-19,2007-06-18,2012-06-18,MISSING
ES0380957003,UCI_15_A,2011-12-19,2007-06-18,2012-06-18,MISSING
ES0380957003,UCI_15_A,2012-03-19,2007-06-18,2012-06-18,MISSING
ES0380957003,UCI_15_A,2012-09-18,2012-06-18,2026-06-18,MISSING
ES0380957003,UCI_15_A,2012-12-18,2012-06-18,2026-06-18,MISSING
ES0380957003,UCI_15_A,2013-03-18,2012-06-18,2026-06-18,MISSING
ES0380957003,UCI_15_A,2013-06-18,2012-06-18,2026-06-18,MISSING
ES0380957003,UCI_15_A,2013-09-18,2012-06-18,2026-06-18,MISSING
ES0380957003,UCI_15_A,2013-12-18,2012-06-18,2026-06-18,MISSING
ES0380957003,UCI_15_A,2014-03-18,2012-06-18,2026-06-18,MISSING
ES0380957003,UCI_15_A,2014-06-18,2012-06-18,2026-06-18,MISSING
ES0380957003,UCI_15_A,2014-09-18,2012-06-18,2026-06-18,MISSING
ES0380957003,UCI_15_A,2014-12-18,2012-06-18,2026-06-18,MISSING
ES0380957003,UCI_15_A,2015-03-18,2012-06-18,2026-06-18,MISSING
ES0380957003,UCI_15_A,2015-06-18,2012-06-18,2026-06-18,MISSING
ES0380957003,UCI_15_A,2015-09-18,2012-06-18,2026-06-18,MISSING
ES0380957003,UCI_15_A,2015-12-18,2012-06-18,2026-06-18,MISSING
ES0380957003,UCI_15_A,2016-03-18,2012-06-18,2026-06-18,MISSING
ES0380957003,UCI_15_A,2016-06-20,2012-06-18,2026-06-18,MISSING
ES0380957003,UCI_15_A,2016-09-19,2012-06-18,2026-06-18,MISSING
ES0380957003,UCI_15_A,2016-12-19,2012-06-18,2026-06-18,MISSING
ES0380957003,UCI_15_A,2017-03-20,2012-06-18,2026-06-18,MISSING
ES0380957003,UCI_15_A,2017-06-19,2012-06-18,2026-06-18,MISSING
ES0380957003,UCI_15_A,2017-09-18,2012-06-18,2026-06-18,MISSING
ES0380957003,UCI_15_A,2017-12-18,2012-06-18,2026-06-18,MISSING
ES0380957003,UCI_15_A,2018-03-19,2012-06-18,2026-06-18,MISSING
ES0380957003,UCI_15_A,2018-06-18,2012-06-18,2026-06-18,MISSING
ES0380957003,UCI_15_A,2018-09-18,2012-06-18,2026-06-18,MISSING
ES0380957003,UCI_15_A,2018-12-18,2012-06-18,2026-06-18,MISSING
ES0380957003,UCI_15_A,2019-03-18,2012-06-18,2026-06-18,MISSING
ES0380957003,UCI_15_A,2019-06-18,2012-06-18,2026-06-18,MISSING
ES0380957003,UCI_15_A,2019-09-18,2012-06-18,2026-06-18,MISSING
ES0380957003,UCI_15_A,2019-12-18,2012-06-18,2026-06-18,MISSING
ES0380957003,UCI_15_A,2020-03-18,2012-06-18,2026-06-18,MISSING
ES0380957003,UCI_15_A,2020-06-18,2012-06-18,2026-06-18,MISSING
ES0380957003,UCI_15_A,2020-09-18,2012-06-18,2026-06-18,MISSING
ES0380957003,UCI_15_A,2020-12-18,2012-06-18,2026-06-18,MISSING
ES0380957003,UCI_15_A,2021-03-18,2012-06-18,2026-06-18,MISSING
ES0380957003,UCI_15_A,2021-06-18,2012-06-18,2026-06-18,MISSING
ES0380957003,UCI_15_A,2021-09-20,2012-06-18,2026-06-18,MISSING
ES0380957003,UCI_15_A,2021-12-20,2012-06-18,2026-06-18,MISSING
ES0380957003,UCI_15_A,2022-03-18,2012-06-18,2026-06-18,MISSING
ES0380957003,UCI_15_A,2022-06-20,2012-06-18,2026-06-18,MISSING
ES0380957003,UCI_15_A,2022-09-19,2012-06-18,2026-06-18,MISSING
ES0380957003,UCI_15_A,2022-12-19,2012-06-18,2026-06-18,MISSING
ES0380957003,UCI_15_A,2023-03-20,2012-06-18,2026-06-18,MISSING
ES0380957003,UCI_15_A,2023-06-19,2012-06-18,2026-06-18,MISSING
ES0380957003,UCI_15_A,2023-09-18,2012-06-18,2026-06-18,MISSING
ES0380957003,UCI_15_A,2023-12-18,2012-06-18,2026-06-18,MISSING
ES0380957003,UCI_15_A,2024-03-18,2012-06-18,2026-06-18,MISSING
ES0380957003,UCI_15_A,2024-06-18,2012-06-18,2026-06-18,MISSING
ES0380957003,UCI_15_A,2024-09-18,2012-06-18,2026-06-18,MISSING
ES0380957003,UCI_15_A,2024-12-18,2012-06-18,2026-06-18,MISSING
ES0380957003,UCI_15_A,2025-03-18,2012-06-18,2026-06-18,MISSING
ES0380957003,UCI_15_A,2025-06-18,2012-06-18,2026-06-18,MISSING
ES0380957003,UCI_15_A,2025-09-18,2012-06-18,2026-06-18,MISSING
ES0380957003,UCI_15_A,2025-12-18,2012-06-18,2026-06-18,MISSING
ES0380957003,UCI_15_A,2026-03-18,2012-06-18,2026-06-18,MISSING
XS0222684655,MAGEL_3_A,2005-08-15,,2009-02-16,MISSING
XS0222684655,MAGEL_3_A,2005-08-16,,2009-02-16,MISSING
XS0222684655,MAGEL_3_A,2005-11-15,,2009-02-16,MISSING
XS0222684655,MAGEL_3_A,2006-02-15,,2009-02-16,MISSING
XS0222684655,MAGEL_3_A,2006-05-15,,2009-02-16,MISSING
XS0222684655,MAGEL_3_A,2006-08-16,,2009-02-16,MISSING
XS0222684655,MAGEL_3_A,2006-11-15,,2009-02-16,MISSING
XS0222684655,MAGEL_3_A,2007-02-15,,2009-02-16,MISSING
XS0222684655,MAGEL_3_A,2007-05-15,,2009-02-16,MISSING
XS0222684655,MAGEL_3_A,2007-08-16,,2009-02-16,MISSING
XS0222684655,MAGEL_3_A,2007-11-15,,2009-02-16,MISSING
XS0222684655,MAGEL_3_A,2008-02-15,,2009-02-16,MISSING
XS0222684655,MAGEL_3_A,2008-05-15,,2009-02-16,MISSING
XS0222684655,MAGEL_3_A,2008-08-18,,2009-02-16,MISSING
XS0222684655,MAGEL_3_A,2008-11-17,,2009-02-16,MISSING
XS0222684655,MAGEL_3_A,2009-05-15,2009-02-16,2013-08-16,MISSING
XS0222684655,MAGEL_3_A,2009-08-17,2009-02-16,2013-08-16,MISSING
XS0222684655,MAGEL_3_A,2009-11-16,2009-02-16,2013-08-16,MISSING
XS0222684655,MAGEL_3_A,2010-02-15,2009-02-16,2013-08-16,MISSING
XS0222684655,MAGEL_3_A,2010-05-17,2009-02-16,2013-08-16,MISSING
XS0222684655,MAGEL_3_A,2010-08-16,2009-02-16,2013-08-16,MISSING
XS0222684655,MAGEL_3_A,2010-11-15,2009-02-16,2013-08-16,MISSING
XS0222684655,MAGEL_3_A,2011-02-15,2009-02-16,2013-08-16,MISSING
XS0222684655,MAGEL_3_A,2011-05-16,2009-02-16,2013-08-16,MISSING
XS0222684655,MAGEL_3_A,2011-08-16,2009-02-16,2013-08-16,MISSING
XS0222684655,MAGEL_3_A,2011-11-15,2009-02-16,2013-08-16,MISSING
XS0222684655,MAGEL_3_A,2012-02-15,2009-02-16,2013-08-16,MISSING
XS0222684655,MAGEL_3_A,2012-05-15,2009-02-16,2013-08-16,MISSING
XS0222684655,MAGEL_3_A,2012-08-16,2009-02-16,2013-08-16,MISSING
XS0222684655,MAGEL_3_A,2012-11-15,2009-02-16,2013-08-16,MISSING
XS0222684655,MAGEL_3_A,2013-02-15,2009-02-16,2013-08-16,MISSING
XS0222684655,MAGEL_3_A,2013-05-15,2009-02-16,2013-08-16,MISSING
XS0222684655,MAGEL_3_A,2013-11-15,2013-08-16,2017-08-16,MISSING
XS0222684655,MAGEL_3_A,2014-02-17,2013-08-16,2017-08-16,MISSING
XS0222684655,MAGEL_3_A,2014-05-15,2013-08-16,2017-08-16,MISSING
XS0222684655,MAGEL_3_A,2014-08-18,2013-08-16,2017-08-16,MISSING
XS0222684655,MAGEL_3_A,2014-11-17,2013-08-16,2017-08-16,MISSING
XS0222684655,MAGEL_3_A,2015-02-16,2013-08-16,2017-08-16,MISSING
XS0222684655,MAGEL_3_A,2015-05-15,2013-08-16,2017-08-16,MISSING
XS0222684655,MAGEL_3_A,2015-08-17,2013-08-16,2017-08-16,MISSING
XS0222684655,MAGEL_3_A,2015-11-16,2013-08-16,2017-08-16,MISSING
XS0222684655,MAGEL_3_A,2016-02-15,2013-08-16,2017-08-16,MISSING
XS0222684655,MAGEL_3_A,2016-05-16,2013-08-16,2017-08-16,MISSING
XS0222684655,MAGEL_3_A,2016-08-16,2013-08-16,2017-08-16,MISSING
XS0222684655,MAGEL_3_A,2016-11-15,2013-08-16,2017-08-16,MISSING
XS0222684655,MAGEL_3_A,2017-02-15,2013-08-16,2017-08-16,MISSING
XS0222684655,MAGEL_3_A,2017-05-15,2013-08-16,2017-08-16,MISSING
XS0222684655,MAGEL_3_A,2017-11-15,2017-08-16,2018-08-16,MISSING
XS0222684655,MAGEL_3_A,2018-02-15,2017-08-16,2018-08-16,MISSING
XS0222684655,MAGEL_3_A,2018-05-15,2017-08-16,2018-08-16,MISSING
XS0222684655,MAGEL_3_A,2019-11-15,2019-08-16,2020-11-16,MISSING
XS0222684655,MAGEL_3_A,2020-02-17,2019-08-16,2020-11-16,MISSING
XS0222684655,MAGEL_3_A,2020-05-15,2019-08-16,2020-11-16,MISSING
XS0222684655,MAGEL_3_A,2020-08-17,2019-08-16,2020-11-16,MISSING
XS0222684655,MAGEL_3_A,2021-05-17,2021-02-15,2022-05-16,MISSING
XS0222684655,MAGEL_3_A,2021-08-16,2021-02-15,2022-05-16,MISSING
XS0222684655,MAGEL_3_A,2021-11-15,2021-02-15,2022-05-16,MISSING
XS0222684655,MAGEL_3_A,2022-02-15,2021-02-15,2022-05-16,MISSING
XS0222684655,MAGEL_3_A,2022-08-16,2022-05-16,2023-05-15,MISSING
XS0222684655,MAGEL_3_A,2022-11-15,2022-05-16,2023-05-15,MISSING
XS0222684655,MAGEL_3_A,2023-02-15,2022-05-16,2023-05-15,MISSING
XS0222684655,MAGEL_3_A,2024-08-16,2024-05-15,2025-02-17,MISSING
XS0222684655,MAGEL_3_A,2024-11-15,2024-05-15,2025-02-17,MISSING
XS0260784318,MAGEL_4_A,2006-10-20,,2010-01-20,MISSING
XS0260784318,MAGEL_4_A,2007-01-22,,2010-01-20,MISSING
XS0260784318,MAGEL_4_A,2007-04-20,,2010-01-20,MISSING
XS0260784318,MAGEL_4_A,2007-07-20,,2010-01-20,MISSING
XS0260784318,MAGEL_4_A,2007-10-22,,2010-01-20,MISSING
XS0260784318,MAGEL_4_A,2008-01-21,,2010-01-20,MISSING
XS0260784318,MAGEL_4_A,2008-04-21,,2010-01-20,MISSING
XS0260784318,MAGEL_4_A,2008-07-21,,2010-01-20,MISSING
XS0260784318,MAGEL_4_A,2008-10-20,,2010-01-20,MISSING
XS0260784318,MAGEL_4_A,2009-01-20,,2010-01-20,MISSING
XS0260784318,MAGEL_4_A,2009-04-20,,2010-01-20,MISSING
XS0260784318,MAGEL_4_A,2009-07-20,,2010-01-20,MISSING
XS0260784318,MAGEL_4_A,2009-10-20,,2010-01-20,MISSING
XS0260784318,MAGEL_4_A,2010-04-20,2010-01-20,2012-04-20,MISSING
XS0260784318,MAGEL_4_A,2010-07-20,2010-01-20,2012-04-20,MISSING
XS0260784318,MAGEL_4_A,2010-10-20,2010-01-20,2012-04-20,MISSING
XS0260784318,MAGEL_4_A,2011-01-20,2010-01-20,2012-04-20,MISSING
XS0260784318,MAGEL_4_A,2011-04-20,2010-01-20,2012-04-20,MISSING
XS0260784318,MAGEL_4_A,2011-07-20,2010-01-20,2012-04-20,MISSING
XS0260784318,MAGEL_4_A,2011-10-20,2010-01-20,2012-04-20,MISSING
XS0260784318,MAGEL_4_A,2012-01-20,2010-01-20,2012-04-20,MISSING
XS0260784318,MAGEL_4_A,2012-07-20,2012-04-20,2013-04-22,MISSING
XS0260784318,MAGEL_4_A,2012-10-22,2012-04-20,2013-04-22,MISSING
XS0260784318,MAGEL_4_A,2013-01-21,2012-04-20,2013-04-22,MISSING
XS0260784318,MAGEL_4_A,2013-07-22,2013-04-22,2015-07-20,MISSING
XS0260784318,MAGEL_4_A,2013-10-21,2013-04-22,2015-07-20,MISSING
XS0260784318,MAGEL_4_A,2014-01-20,2013-04-22,2015-07-20,MISSING
XS0260784318,MAGEL_4_A,2014-04-22,2013-04-22,2015-07-20,MISSING
XS0260784318,MAGEL_4_A,2014-07-21,2013-04-22,2015-07-20,MISSING
XS0260784318,MAGEL_4_A,2014-10-20,2013-04-22,2015-07-20,MISSING
XS0260784318,MAGEL_4_A,2015-01-20,2013-04-22,2015-07-20,MISSING
XS0260784318,MAGEL_4_A,2015-04-20,2013-04-22,2015-07-20,MISSING
XS0260784318,MAGEL_4_A,2015-10-20,2015-07-20,2017-04-20,MISSING
XS0260784318,MAGEL_4_A,2016-01-20,2015-07-20,2017-04-20,MISSING
XS0260784318,MAGEL_4_A,2016-04-20,2015-07-20,2017-04-20,MISSING
XS0260784318,MAGEL_4_A,2016-07-20,2015-07-20,2017-04-20,MISSING
XS0260784318,MAGEL_4_A,2016-10-20,2015-07-20,2017-04-20,MISSING
XS0260784318,MAGEL_4_A,2017-01-20,2015-07-20,2017-04-20,MISSING
XS0260784318,MAGEL_4_A,2017-07-20,2017-04-20,2018-04-20,MISSING
XS0260784318,MAGEL_4_A,2017-10-20,2017-04-20,2018-04-20,MISSING
XS0260784318,MAGEL_4_A,2018-01-22,2017-04-20,2018-04-20,MISSING
XS0260784318,MAGEL_4_A,2018-07-20,2018-04-20,2025-01-20,MISSING
XS0260784318,MAGEL_4_A,2018-10-22,2018-04-20,2025-01-20,MISSING
XS0260784318,MAGEL_4_A,2019-01-21,2018-04-20,2025-01-20,MISSING
XS0260784318,MAGEL_4_A,2019-04-23,2018-04-20,2025-01-20,MISSING
XS0260784318,MAGEL_4_A,2019-07-22,2018-04-20,2025-01-20,MISSING
XS0260784318,MAGEL_4_A,2019-10-21,2018-04-20,2025-01-20,MISSING
XS0260784318,MAGEL_4_A,2020-01-20,2018-04-20,2025-01-20,MISSING
XS0260784318,MAGEL_4_A,2020-04-20,2018-04-20,2025-01-20,MISSING
XS0260784318,MAGEL_4_A,2020-07-20,2018-04-20,2025-01-20,MISSING
XS0260784318,MAGEL_4_A,2020-10-20,2018-04-20,2025-01-20,MISSING
XS0260784318,MAGEL_4_A,2021-01-20,2018-04-20,2025-01-20,MISSING
XS0260784318,MAGEL_4_A,2021-04-20,2018-04-20,2025-01-20,MISSING
XS0260784318,MAGEL_4_A,2021-07-20,2018-04-20,2025-01-20,MISSING
XS0260784318,MAGEL_4_A,2021-10-20,2018-04-20,2025-01-20,MISSING
XS0260784318,MAGEL_4_A,2022-01-20,2018-04-20,2025-01-20,MISSING
XS0260784318,MAGEL_4_A,2022-04-20,2018-04-20,2025-01-20,MISSING
XS0260784318,MAGEL_4_A,2022-07-20,2018-04-20,2025-01-20,MISSING
XS0260784318,MAGEL_4_A,2022-10-20,2018-04-20,2025-01-20,MISSING
XS0260784318,MAGEL_4_A,2023-01-20,2018-04-20,2025-01-20,MISSING
XS0260784318,MAGEL_4_A,2023-04-20,2018-04-20,2025-01-20,MISSING
XS0260784318,MAGEL_4_A,2023-07-20,2018-04-20,2025-01-20,MISSING
XS0260784318,MAGEL_4_A,2023-10-20,2018-04-20,2025-01-20,MISSING
XS0260784318,MAGEL_4_A,2024-01-22,2018-04-20,2025-01-20,MISSING
XS0260784318,MAGEL_4_A,2024-04-22,2018-04-20,2025-01-20,MISSING
XS0260784318,MAGEL_4_A,2024-07-22,2018-04-20,2025-01-20,MISSING
XS0260784318,MAGEL_4_A,2024-10-21,2018-04-20,2025-01-20,MISSING
XS0260784318,MAGEL_4_A,2025-04-22,2025-01-20,2026-01-20,MISSING
XS0260784318,MAGEL_4_A,2025-07-21,2025-01-20,2026-01-20,MISSING
XS0260784318,MAGEL_4_A,2025-10-20,2025-01-20,2026-01-20,MISSING
