isin,deal,tranche,report_month,payment_date,accrual_start,accrual_end,accrual_days,day_basis,index_rate,margin_bp,coupon_rate,original_balance,beg_balance,principal_paid,end_balance,pool_factor,interest_paid,pdl_balance,n_notes,principal_per_note,denom_beg,denom_end,coll_beg_balance,coll_sched_principal,coll_prepayments,coll_repurchases,coll_cpr_reported,coll_deemed_losses,coll_recoveries,coll_end_balance,coll_end_balance_net,wac,arrears_90_365,cum_default_ratio,prorata_test,reserve_balance,coll_principal_total,coll_cpr_12m,next_coupon_rate,next_index_rate,source_url,source_section,parse_status,principal_due,principal_shortfall,sub_beg_balance,sub_end_balance,coll_beg_balance_net
XS0222684655,Magellan Mortgages No. 3,A,2009-02,2009-02-16,2008-11-17,2009-02-16,91,Act/360,0.04245,13,0.04375,1413750000.0,832103561.25,34219818.75,797883742.5,0.564374,9202256.4,0.0,141375,242.05,5885.79,5643.74,902334026.16,4199998.56,12534884.3,18607738.46,0.0558,2509441.64,356105.47,866991404.84,858477016.36,0.0521898,22046042.85,0.0153,PASS,13500000.0,,,,,https://ind.millenniumbcp.pt/pt/Institucional/investidores/securitizacoes/Documents/Magellan3-InvestorReport/200902Magellan3_InvestorReport.pdf,Sec.1/2/3/6,"ok: issuer report, 6 identities pass",,,63870798.75,61244055.0,895972973.85
XS0222684655,Magellan Mortgages No. 3,A,2013-08,2013-08-16,2013-05-15,2013-08-16,93,Act/360,0.00203,26,0.00463,1413750000.0,499807278.75,13915541.25,485891737.5,0.34369,597811.16,,141375,98.43,3535.33,3436.9,560443918.16,,,,,,,,,,,,,,14433918.4,,,,https://ind.millenniumbcp.pt/pt/Institucional/investidores/securitizacoes/Documents/Magellan3-InvestorReport/201308Magellan3_InvestorReport.pdf,Sec.1 Denomination / New Denomination / Accrual Rate; Sec.2 beginning balance & principal redemption,"ok: issuer report Sec.1 (balances = denomination x 141,375; interest computed)",,,,,
XS0222684655,Magellan Mortgages No. 3,A,2017-08,2017-08-16,2017-05-15,2017-08-16,93,Act/360,-0.00329,26,-0.00069,1413750000.0,354415815.0,8742630.0,345673185.0,0.244508,-63174.62,,141375,61.84,2506.92,2445.08,403717641.83,,,,,,,,,,,,,,10404854.52,,,,https://ind.millenniumbcp.pt/pt/Institucional/investidores/securitizacoes/Documents/Magellan3-InvestorReport/201708Magellan3_InvestorReport.pdf,Sec.1 Denomination / New Denomination / Accrual Rate; Sec.2 beginning balance & principal redemption,"ok: issuer report Sec.1 (balances = denomination x 141,375; interest computed)",,,,,
XS0222684655,Magellan Mortgages No. 3,A,2018-08,2018-08-16,2018-05-15,2018-08-16,93,Act/360,-0.00327,26,0.0,1413750000.0,316728067.5,9042345.0,307685722.5,0.217638,0.0,,141375,63.96,2240.34,2176.38,359635569.8,,,,,,,,,,,,,,10397493.23,,,,https://ind.millenniumbcp.pt/pt/Institucional/investidores/securitizacoes/Documents/Magellan3-InvestorReport/201808Magellan3_InvestorReport.pdf,Sec.1 Denomination / New Denomination / Accrual Rate; Sec.2 beginning balance & principal redemption,"ok: issuer report Sec.1 (balances = denomination x 141,375; interest computed)",,,,,
XS0222684655,Magellan Mortgages No. 3,A,2018-11,2018-11-15,2018-08-16,2018-11-15,91,Act/360,-0.00319,26,0.0,1413750000.0,307685722.5,8144613.75,299541108.75,0.211877,0.0,,141375,57.61,2176.38,2118.77,349238076.57,,,,,,,,,,,,,,9239055.35,,,,https://ind.millenniumbcp.pt/pt/Institucional/investidores/securitizacoes/Documents/Magellan3-InvestorReport/201811Magellan3_InvestorReport.pdf,Sec.1 Denomination / New Denomination / Accrual Rate; Sec.2 beginning balance & principal redemption,"ok: issuer report Sec.1 (balances = denomination x 141,375; interest computed)",,,,,
XS0222684655,Magellan Mortgages No. 3,A,2019-02,2019-02-15,2018-11-15,2019-02-15,92,Act/360,-0.00316,26,0.0,1413750000.0,299541108.75,8315677.5,291225431.25,0.205995,0.0,,141375,58.82,2118.77,2059.95,339999021.22,,,,,,,,,,,,,,9846787.5,,,,https://ind.millenniumbcp.pt/pt/Institucional/investidores/securitizacoes/Documents/Magellan3-InvestorReport/Investor_Report_2019_02.pdf,Sec.1 Denomination / New Denomination / Accrual Rate; Sec.2 beginning balance & principal redemption,"ok: issuer report Sec.1 (balances = denomination x 141,375; interest computed)",,,,,
XS0222684655,Magellan Mortgages No. 3,A,2019-05,2019-05-15,2019-02-15,2019-05-15,89,Act/360,-0.00308,26,0.0,1413750000.0,291225431.25,7970722.5,283254708.75,0.200357,0.0,,141375,56.38,2059.95,2003.57,330152233.72,,,,,,,,,,,,,,9206191.67,,,,https://ind.millenniumbcp.pt/pt/Institucional/investidores/securitizacoes/Documents/Magellan3-InvestorReport/Investor_Report_16052019.pdf,Sec.1 Denomination / New Denomination / Accrual Rate; Sec.2 beginning balance & principal redemption,"ok: issuer report Sec.1 (balances = denomination x 141,375; interest computed)",,,,,
XS0222684655,Magellan Mortgages No. 3,A,2019-08,2019-08-16,2019-05-15,2019-08-16,93,Act/360,-0.00311,26,0.0,1413750000.0,283254708.75,7441980.0,275812728.75,0.195093,0.0,,141375,52.64,2003.57,1950.93,320946042.05,,,,,,,,,,,,,,8347958.2,,,,https://ind.millenniumbcp.pt/pt/Institucional/investidores/securitizacoes/Documents/Magellan3-InvestorReport/Investor_Report_2019_08.pdf,Sec.1 Denomination / New Denomination / Accrual Rate; Sec.2 beginning balance & principal redemption,"ok: issuer report Sec.1 (balances = denomination x 141,375; interest computed)",,,,,
XS0222684655,Magellan Mortgages No. 3,A,2020-11,2020-11-16,2020-08-17,2020-11-16,91,Act/360,-0.00481,26,0.0,1413750000.0,249418016.25,5879786.25,243538230.0,0.172264,0.0,,141375,41.59,1764.23,1722.64,281959472.54,,,,,,,,,,,,,,6580273.84,,,,https://ind.millenniumbcp.pt/pt/Institucional/investidores/securitizacoes/Documents/Magellan3-InvestorReport/Investor_Report_2020_11_12112020.pdf,Sec.1 Denomination / New Denomination / Accrual Rate; Sec.2 beginning balance & principal redemption,"ok: issuer report Sec.1 (balances = denomination x 141,375; interest computed)",,,,,
XS0222684655,Magellan Mortgages No. 3,A,2021-02,2021-02-15,2020-11-16,2021-02-15,91,Act/360,-0.00513,26,0.0,1413750000.0,243538230.0,6942926.25,236595303.75,0.167353,0.0,,141375,49.11,1722.64,1673.53,275379198.7,,,,,,,,,,,,,,8134725.28,,,,https://ind.millenniumbcp.pt/pt/Institucional/investidores/securitizacoes/Documents/Magellan3-InvestorReport/Investor_Report_15022021.pdf,Sec.1 Denomination / New Denomination / Accrual Rate; Sec.2 beginning balance & principal redemption,"ok: issuer report Sec.1 (balances = denomination x 141,375; interest computed)",,,,,
XS0222684655,Magellan Mortgages No. 3,A,2022-05,2022-05-16,2022-02-15,2022-05-16,90,Act/360,-0.00523,26,0.0,1413750000.0,210903225.0,5951887.5,204951337.5,0.14497,0.0,,141375,42.1,1491.8,1449.7,238424919.41,,,,,,,,,,,,,,6770006.23,,,,https://ind.millenniumbcp.pt/pt/Institucional/investidores/securitizacoes/Documents/Magellan3-InvestorReport/InvestorReport_202205.pdf,Sec.1 Denomination / New Denomination / Accrual Rate; Sec.2 beginning balance & principal redemption,"ok: issuer report Sec.1 (balances = denomination x 141,375; interest computed)",,,,,
XS0222684655,Magellan Mortgages No. 3,A,2023-05,2023-05-15,2023-02-15,2023-05-15,89,Act/360,0.02654,26,0.02914,1413750000.0,183791741.25,7393912.5,176397828.75,0.124773,1324045.91,,141375,52.3,1300.03,1247.73,208555011.21,,,,,,,,,,,,,,8123854.81,,,,https://ind.millenniumbcp.pt/pt/Institucional/investidores/securitizacoes/Documents/Magellan3-InvestorReport/InvestorReport_2023-05.pdf,Sec.1 Denomination / New Denomination / Accrual Rate; Sec.2 beginning balance & principal redemption,"ok: issuer report Sec.1 (balances = denomination x 141,375; interest computed)",,,,,
XS0222684655,Magellan Mortgages No. 3,A,2023-08,2023-08-16,2023-05-15,2023-08-16,,Act/360,,26,,1413750000.0,176397828.75,5915130.0,170482698.75,0.120589,,,141375,41.84,1247.73,1205.89,,,,,,,,,,,,,,,,,,,derived: denomination chain between neighbouring reports,denomination chain,DERIVED (principal exact; coupon not available),,,,,
XS0222684655,Magellan Mortgages No. 3,A,2023-11,2023-11-15,2023-08-16,2023-11-15,91,Act/360,0.03781,26,0.04041,1413750000.0,170482698.75,6275636.25,164207062.5,0.11615,1741438.15,,141375,44.39,1205.89,1161.5,193919061.81,,,,,,,,,,,,,,6891967.79,,,,https://ind.millenniumbcp.pt/pt/Institucional/investidores/securitizacoes/Documents/Magellan3-InvestorReport/Magellan3_InvestorReport_202311.pdf,Sec.1 Denomination / New Denomination / Accrual Rate; Sec.2 beginning balance & principal redemption,"ok: issuer report Sec.1 (balances = denomination x 141,375; interest computed)",,,,,
XS0222684655,Magellan Mortgages No. 3,A,2024-02,2024-02-15,2023-11-15,2024-02-15,,Act/360,,26,,1413750000.0,164207062.5,6429735.0,157777327.5,0.111602,,,141375,45.48,1161.5,1116.02,,,,,,,,,,,,,,,,,,,derived: denomination chain between neighbouring reports,denomination chain,DERIVED (principal exact; coupon not available),,,,,
XS0222684655,Magellan Mortgages No. 3,A,2024-05,2024-05-15,2024-02-15,2024-05-15,90,Act/360,0.03912,26,0.04172,1413750000.0,157777327.5,5003261.25,152774066.25,0.108063,1645617.53,,141375,35.39,1116.02,1080.63,180050106.15,,,,,,,,,,,,,,5555546.81,,,,https://ind.millenniumbcp.pt/pt/Institucional/investidores/securitizacoes/Documents/Magellan3-InvestorReport/InvestorReport_202405.pdf,Sec.1 Denomination / New Denomination / Accrual Rate; Sec.2 beginning balance & principal redemption,"ok: issuer report Sec.1 (balances = denomination x 141,375; interest computed)",,,,,
XS0222684655,Magellan Mortgages No. 3,A,2025-02,2025-02-17,2024-11-15,2025-02-17,94,Act/360,0.03023,26,0.03283,1413750000.0,143193082.5,5684688.75,137508393.75,0.097265,1227490.88,,141375,40.21,1012.86,972.65,163985388.24,,,,,,,,,,,,,,6203280.72,,,,https://ind.millenniumbcp.pt/pt/Institucional/investidores/securitizacoes/Documents/Magellan3-InvestorReport/InvestorReport_202502.pdf,Sec.1 Denomination / New Denomination / Accrual Rate; Sec.2 beginning balance & principal redemption,"ok: issuer report Sec.1 (balances = denomination x 141,375; interest computed)",,,,,
XS0222684655,Magellan Mortgages No. 3,A,2025-05,2025-05-15,2025-02-17,2025-05-15,,Act/360,,26,,1413750000.0,137508393.75,5195531.25,132312862.5,0.09359,,,141375,36.75,972.65,935.9,,,,,,,,,,,,,,,,,,,derived: denomination chain between neighbouring reports,denomination chain,DERIVED (principal exact; coupon not available),,,,,
XS0222684655,Magellan Mortgages No. 3,A,2025-08,2025-08-18,2025-05-15,2025-08-18,95,Act/360,0.02143,26,0.02403,1413750000.0,132312862.5,4686581.25,127626281.25,0.090275,839028.94,,141375,33.15,935.9,902.75,151853398.98,,,,,,,,,,,,,,5076114.59,,,,https://ind.millenniumbcp.pt/pt/Institucional/investidores/securitizacoes/Documents/Magellan3-InvestorReport/InvestorReport_202508.pdf,Sec.1 Denomination / New Denomination / Accrual Rate; Sec.2 beginning balance & principal redemption,"ok: issuer report Sec.1 (balances = denomination x 141,375; interest computed)",,,,,
XS0222684655,Magellan Mortgages No. 3,A,2025-11,2025-11-17,2025-08-18,2025-11-17,91,Act/360,0.02036,26,0.02296,1413750000.0,127626281.25,4075841.25,123550440.0,0.087392,740714.57,0.0,141375,28.83,902.75,873.92,146777284.39,2403945.52,1797131.61,278990.85,0.049,3297.38,95781.59,142297216.41,133037025.57,0.03078,385037.22,0.0056,PASS,9000000.0,,,,,https://ind.millenniumbcp.pt/pt/Institucional/investidores/securitizacoes/Documents/Magellan3-InvestorReport/Investor-Report-2025-11.pdf,Sec.1/2/3/6,"ok: issuer report, 6 identities pass",,,9795930.0,9483101.25,137424609.34
XS0222684655,Magellan Mortgages No. 3,A,2026-02,2026-02-16,2025-11-17,2026-02-16,91,Act/360,,26,,1413750000.0,123550440.0,5025881.25,118524558.75,0.083837,,,141375,35.55,873.92,838.37,,,,,,,,,,,,,,,,,,,derived: Nov-2025 'New Denomination' 873.92 and May-2026 'Denomination' 838.37,denomination chain,DERIVED (principal exact; interest/collateral not available),,,,,
XS0222684655,Magellan Mortgages No. 3,A,2026-05,2026-05-15,2026-02-16,2026-05-15,88,Act/360,0.01984,26,0.02244,1413750000.0,118524558.75,3925983.75,114598575.0,0.08106,650146.71,0.0,141375,27.77,838.37,810.6,136840625.78,2305831.99,1864443.59,76689.39,0.0543,3747.9,24537.2,132593660.81,123397891.75,0.02994,331571.96,0.0056,PASS,9000000.0,,,,,https://ind.millenniumbcp.pt/pt/Institucional/investidores/securitizacoes/Documents/Magellan3-InvestorReport/InvestorReport_202605.pdf,Sec.1/2/3/6,"ok: issuer report, 6 identities pass",,,9097305.0,8795947.5,127624067.42
XS0222684655,Magellan Mortgages No. 3,A,2026-08,2026-08-17,2026-05-15,2026-08-17,94,Act/360,0.02252,26,0.02512,1413750000.0,114598575.0,3753506.25,110845068.75,0.078405,751664.79,0.0,141375,26.55,810.6,784.05,132593660.81,2257065.08,1398727.62,560398.5,0.0424,1577.53,176256.67,128377469.61,119356379.69,0.03174,79543.27,0.0056,PASS,9000000.0,,,,,https://ind.millenniumbcp.pt/pt/Institucional/investidores/securitizacoes/Documents/Magellan3-InvestorReport/Investor-Report-202608.pdf,Sec.1/2/3/6,"ok: issuer report, 6 identities pass",,,8795947.5,8507872.5,123397891.75
